warningtype,date,producer,product,reason,source,thumbnail,detail_link
  Lebensmittel,26.10.2021,"     Alnatura Produktions- und Handels GmbH, Mahatma-Gandhi-Straße 7, 64295 Darmstadt  ","Alnatura Erdmandeln, gemahlen",Salmonellen,Alnatura Produktions- und Handels GmbH,https://www.lebensmittelwarnung.de/bvl-lmw-de/opensaga/attachment/f2e22e68-872d-4d62-9f2c-d81a2047a1fc/Produktabbildung+Alnatura+Erdmandeln+gemahlen.jpg?maxWidth=120&maxHeight=120,https://www.lebensmittelwarnung.de/bvl-lmw-de/detail/lebensmittel/73138
  Lebensmittel,25.10.2021,    Tinh Son Handels GmbH/Leipzig  ,Getrocknete Mu-Err Pilze (Moch Nhi - Dry Ear Fungus),Rückstandshöchstgehaltsüberschreitung mit dem Pflanzenschutzmittel Chlorpyrifos,Firma Tinh Son Handel GmbH,https://www.lebensmittelwarnung.de/bvl-lmw-de/opensaga/attachment/7a1049b3-620c-427e-a374-7f8cb08853dd/image002.png?maxWidth=120&maxHeight=120,https://www.lebensmittelwarnung.de/bvl-lmw-de/detail/lebensmittel/73070
  Lebensmittel,25.10.2021,"    Unbekannt, da es sich um eine Produktfälschung handelt  ",Löslicher Kaffee im Glasbehälter,Produktfälschung; Ggf. mögliche Kontamination mit Fremdkörpern,,,https://www.lebensmittelwarnung.de/bvl-lmw-de/detail/lebensmittel/73072
  Lebensmittel,22.10.2021,    Asia Express Food NL  ,MAMA Instant noodles with tom yum pork flavourInstantnudeln,Glasfragmente,,https://www.lebensmittelwarnung.de/bvl-lmw-de/opensaga/attachment/b558ca94-caa8-4e7b-86a9-6eaf5e8f3863/Produktfoto.png?maxWidth=120&maxHeight=120,https://www.lebensmittelwarnung.de/bvl-lmw-de/detail/lebensmittel/73021
  Lebensmittel,22.10.2021,"    Frédéric Mô, Leader Forclaz 170 avenue Léman Mont-Blanc 74190 Passy FR  ",Trekkingnahrung Reis mit Hähnchencurry glutenfrei gefriergetrocknet 120 g - Marke FORCLAZ,Der festgestellte Ethylenoxid-Gehalt liegt über dem zugelassenen Grenzwert.,Pressemitteilung,https://www.lebensmittelwarnung.de/bvl-lmw-de/opensaga/attachment/da7b24d0-3fc8-424d-8fc0-3fb26c1988d8/Bild.PNG?maxWidth=120&maxHeight=120,https://www.lebensmittelwarnung.de/bvl-lmw-de/detail/lebensmittel/72986
  Lebensmittel,20.10.2021,     August Töpfer & Co. GmbH & Co. KG   Norma Lebensmittelfilialbetrieb Stiftung & Co. KG  ,zauberhaft Backen Haselnusskerne gehackt,Salmonellen,,https://www.lebensmittelwarnung.de/bvl-lmw-de/opensaga/attachment/a844267f-6647-4232-b06c-d9307a191fac/Produktbild.png?maxWidth=120&maxHeight=120,https://www.lebensmittelwarnung.de/bvl-lmw-de/detail/lebensmittel/72973
  Lebensmittel,15.10.2021,     Fa. Kosebate GmbH  ,Alburj – Halva mit Pistazien 400 g & 800 g,Es wurden in einer Probe der Charge 07/2022 Salmonellen nachgewiesen.,,https://www.lebensmittelwarnung.de/bvl-lmw-de/opensaga/attachment/4dc267e8-1da6-46d4-a638-b0d6e3633cfe/Halva+mit+Pistazie.jpg?maxWidth=120&maxHeight=120,https://www.lebensmittelwarnung.de/bvl-lmw-de/detail/lebensmittel/72917
  Lebensmittel,15.10.2021,"    Firma KERVAN GMBH, FLOHRSTRAßE 26, 13507 BERLIN/DE/BE.  ","TAHIN HELVA HALVA, FISTIKLI / PISTACHIO, Marke: KOSKA 1907",Salmonellen,"Firma KERVAN GMBH, FLOHRSTRAßE 26, 13507 BERLIN/DE/BE.",https://www.lebensmittelwarnung.de/bvl-lmw-de/opensaga/attachment/1460c3e5-43fe-4080-a049-09e52b6203db/Produktbild.jpeg?maxWidth=120&maxHeight=120,https://www.lebensmittelwarnung.de/bvl-lmw-de/detail/lebensmittel/72906
  Lebensmittel,08.10.2021,    CEUS Coswiger Eintöpfe und Suppen OHG  ,Kartoffelsuppe,erhöhter Wert an SULFIT,Gutachten,https://www.lebensmittelwarnung.de/bvl-lmw-de/opensaga/attachment/33c327cc-91e6-48ef-b6fd-c86a5757eaf3/Abbildung1.jpg?maxWidth=120&maxHeight=120,https://www.lebensmittelwarnung.de/bvl-lmw-de/detail/lebensmittel/72800
  Lebensmittel,08.10.2021,"    Öko Service GmbH, Auf dem Kleie 2, 49176 Hilter a. T. W.  ",Rewe Bio 6-Kräuter,Nachweis von Vero-/Shigatoxin-bildenden Escherichia coli (VTEC/STEC),REWE GmbH,https://www.lebensmittelwarnung.de/bvl-lmw-de/opensaga/attachment/2082bb0d-9942-4666-9983-7ddc72e925f7/0184647-O1540+REWE+Bio+6-Kr%E4uter+Packshot.jpg?maxWidth=120&maxHeight=120,https://www.lebensmittelwarnung.de/bvl-lmw-de/detail/lebensmittel/72768
  Lebensmittel,08.10.2021,    Tofutown.com GmbH Tofustraße 1 54578 Weisbaum  ,Viana Bio Real Jumbos ausgelobt als Viana VeggieFresh Bratwurst,"Fehlender Allergenhinweis auf ""Schalenfrüchte""; das Produkt enthält Mandelmehl",Tofutown.com GmbH,https://www.lebensmittelwarnung.de/bvl-lmw-de/opensaga/attachment/5f030630-aa2f-4220-9270-bce429918404/R%FCckruf+Viana+Real+Jumbos+30.09.jpg?maxWidth=120&maxHeight=120,https://www.lebensmittelwarnung.de/bvl-lmw-de/detail/lebensmittel/72745
  Lebensmittel,07.10.2021,"    Qidosha GmbH, Fendtstr. 1, 21244 Buchholz  ",Qidosha In Shape,Ethylenoxid,Qidosha GmbH,https://www.lebensmittelwarnung.de/bvl-lmw-de/opensaga/attachment/9df81205-49f5-49b0-95de-f7716f2d0e21/produktbild.jpg?maxWidth=120&maxHeight=120,https://www.lebensmittelwarnung.de/bvl-lmw-de/detail/lebensmittel/72671
  Lebensmittel,07.10.2021,    Nestlé Deutschland AG Lyoner Straße 23 60523 Frankfurt am Main  ,Smarties Adventskalender,"Fehlerhafte Verwendung des ""Glutenfrei-Logo""",,https://www.lebensmittelwarnung.de/bvl-lmw-de/opensaga/attachment/6e6166f9-7a3c-4e3e-b72b-8138804f1e15/Produktbild_Smarties+Adventskalender_300dpi.jpg?maxWidth=120&maxHeight=120,https://www.lebensmittelwarnung.de/bvl-lmw-de/detail/lebensmittel/72664
  Lebensmittel,06.10.2021,    Hauser Weinimport GmbH Neufnachstraße 32 86850 Fischach  ,"Sangria 7 % vol, 1 l","Es fehlt der Allergikerhinweis ""Enthält Sulfite"" auf folgenden LOTs: - L6495- L6825.Die betroffene Ware kann an den ersten vier Ziffern der Losnummern  L6495 und L6825 auf der Verpackungsoberseite neben dem Verschluss erkannt werden.",,https://www.lebensmittelwarnung.de/bvl-lmw-de/opensaga/attachment/e88d0abc-71ac-42bf-91b9-763bd06d553e/Sangria+7+Rozent+vol-001.jpg?maxWidth=120&maxHeight=120,https://www.lebensmittelwarnung.de/bvl-lmw-de/detail/lebensmittel/72611
  Lebensmittel,30.09.2021,"     Firma Gloster Zöldseg-Gyümölcs                  Feldolgozo es Kereskedelmi Kft.                  HU-4326 Mariapocs, Ungarn   vertrieben über Rewe-Märkte und Handelspartner  ",ja! Sauerkirschen,"Es kann nicht ausgeschlossen werden, dass sich in vereinzelten Gläsern kleine transparente Glassplitter befinden können.",Pressemitteilung der Fa. Gloster Zöldseg-Gyümölcs,https://www.lebensmittelwarnung.de/bvl-lmw-de/opensaga/attachment/2d96cb8f-e333-47a8-bd8d-02e07b1c645d/ja!+Sauerkirschen.png?maxWidth=120&maxHeight=120,https://www.lebensmittelwarnung.de/bvl-lmw-de/detail/lebensmittel/72457
  Lebensmittel,29.09.2021,    Fa. DEKOBACK GmbH  ,"DECOCINO ""Fondant schwarz""","Es kann nicht ausgeschlossen werden, dass sich an der Oberfläche Schimmelspurengebildet haben, die sich in Form weiß/bräunlicher Punkte äußern.",Kundeninformation,https://www.lebensmittelwarnung.de/bvl-lmw-de/opensaga/attachment/99e50b28-1ee1-41db-aeb9-cf769b48a1b5/Unbenannt.PNG?maxWidth=120&maxHeight=120,https://www.lebensmittelwarnung.de/bvl-lmw-de/detail/lebensmittel/72386
  Lebensmittel,29.09.2021,    Fa. Weleda AG  ,"Naturweisheit Meine Vitalquelle, Chargenbezeichnung 3654D und 3655DNaturweisheit Meine Immunformel, Chargenbezeichnung 3652D und 3653D","Grund des Rückrufes: Es kann nicht ausgeschlossen werden, dass sich in den Produkten Rückstände von Ethylenoxid befinden.",Kundeninformation,https://www.lebensmittelwarnung.de/bvl-lmw-de/opensaga/attachment/7bd7da19-b5d4-478e-aaab-2d0bbbe8cf3c/Weleda.PNG?maxWidth=120&maxHeight=120,https://www.lebensmittelwarnung.de/bvl-lmw-de/detail/lebensmittel/72425
  Lebensmittel,24.09.2021,    GEPA mbH GEPA-Weg 1 42327 Wuppertal  ,Bio Schoko Cookies,"In einer Packung des Artikels wurde ein Fremdkörper gefunden. Es kann nicht ausgeschlossen werden, dass weitere kleine Fremdkörperstücke in einzelnen Packungen enthalten sein können.",Fa. GEPA mbH,https://www.lebensmittelwarnung.de/bvl-lmw-de/opensaga/attachment/aea8b6f9-c1bf-4b8d-ba90-5431748f0a0d/Cookies2.jpg?maxWidth=120&maxHeight=120,https://www.lebensmittelwarnung.de/bvl-lmw-de/detail/lebensmittel/72253
  Lebensmittel,24.09.2021,"    Fa. Raimund Hofmann Industrietechnik GmbH , Vertrieb über diverse   ",Diverse Gewürze/Gewürzmischungen,Salmonellen,,,https://www.lebensmittelwarnung.de/bvl-lmw-de/detail/lebensmittel/72310
  Lebensmittel,24.09.2021,    Taibat Company Lebensmittel Khaled Alsaleh Anabolse Herrenbergstr 24 71032-Böblngen  Die betroffene Ware wurde nur Landkreis Böblingen vertrieben.  ,HALAWA BURJ 800 g,Im Anreichungsverfahren in 25 g der Probe wurden Salmonellen des Serotyps Salmonella Amsterdam nachgewiesen.,Kundenaushang,https://www.lebensmittelwarnung.de/bvl-lmw-de/opensaga/attachment/30b581d4-f14e-406f-b38d-9f2a67e1e802/Bild.PNG?maxWidth=120&maxHeight=120,https://www.lebensmittelwarnung.de/bvl-lmw-de/detail/lebensmittel/72303
  Lebensmittel,22.09.2021,    Kelmendi Lebensmittel Gießener Straße 16 35396 Gießen  ,"SUHO MESO, Zarebnica, GERÄUCHERTES ROASTBEEF",Nachweis von Listeria monocytogenes,,https://www.lebensmittelwarnung.de/bvl-lmw-de/opensaga/attachment/7c396a6a-b0e9-4db5-956e-ba643292aa1c/Suho+Meso+1.jpg?maxWidth=120&maxHeight=120,https://www.lebensmittelwarnung.de/bvl-lmw-de/detail/lebensmittel/72202
  Lebensmittel,21.09.2021,    Midsona Deutschland GmbH Zur Davert 7 59387 Ascheberg  ,EISBLÜMERL Gebrannte Mandel Aufstrich 250g,"Bei dem genannten Produkt kann nicht ausgeschlossen werden, dass sich an der oberen Innenseite des Glases Risse bilden und es zu Glasbruch/Absplitterungen kommt, welche in das Produkt gelangen können.",,https://www.lebensmittelwarnung.de/bvl-lmw-de/opensaga/attachment/c5805557-a799-4ab8-b16d-9abfb4d916c8/Mandelaufstrich.png?maxWidth=120&maxHeight=120,https://www.lebensmittelwarnung.de/bvl-lmw-de/detail/lebensmittel/72126
  Lebensmittel,20.09.2021,    Fa. Alb-Gold  ,BESTE LANDQUALITÄT Bio Dinkelvollkorn Spaghetti 500 g; MHD: 25.02.2023BESTE LANDQUALITÄT Bio Dinkelvollkorn Spaghetti 500 g; MHD: 26.02.2023,Bei den betroffenen Produkten wurde ein erhöhter Gehalt an Ergotalkaloiden festgestellt.,Kundeniformation,https://www.lebensmittelwarnung.de/bvl-lmw-de/opensaga/attachment/d17d7f4f-557d-4410-831c-76d7d3e81493/Unbenannt.PNG?maxWidth=120&maxHeight=120,https://www.lebensmittelwarnung.de/bvl-lmw-de/detail/lebensmittel/72090
  Lebensmittel,17.09.2021,"    Vertrieb durch Edeka Zentrale Stiftung & Co. KG, New-York-Ring 6 in 22297 Hamburg;  Firma 'Wernsing Feinkost GmbH'  ","Gut & Günstig Rote Grütze, Gut & Günstig Kirsch Grütze",Ethylenoxid,,https://www.lebensmittelwarnung.de/bvl-lmw-de/opensaga/attachment/41a8423b-0f64-4588-a24b-8b16418ef64f/2021_G&G_Rote+Gr%FCtze.jpg?maxWidth=120&maxHeight=120,https://www.lebensmittelwarnung.de/bvl-lmw-de/detail/lebensmittel/72004
  Lebensmittel,16.09.2021,    Alnatura Produktions- und Handels GmbH Mahatma-Gandhi-Straße 7 D-64295 Darmstadt  ,Alnatura Dinkel-Vollkorn-Spaghetti,Nachweis von Ergotalkaloiden (Stoffwechselprodukte sogenannter Mutterkornpilze).,,https://www.lebensmittelwarnung.de/bvl-lmw-de/opensaga/attachment/b1451466-63ef-4c5b-806b-38930308c5ce/Produktfoto.jpg?maxWidth=120&maxHeight=120,https://www.lebensmittelwarnung.de/bvl-lmw-de/detail/lebensmittel/71862
  Lebensmittel,16.09.2021,"    Vertrieb durch  Netto Marken-Discount Stiftung & Co. KG Industriepark Ponholz 1 93142 Maxhütte-Haidhof     Fa. Wernsing Feinkost GmbH  ","Beste Ernte Rote Grütze und Beste Ernte Kirsch Grütze",Ethylenoxid,,https://www.lebensmittelwarnung.de/bvl-lmw-de/opensaga/attachment/19821acc-437b-4770-acfe-e239265f8328/Rote+Gr%FCtze.png?maxWidth=120&maxHeight=120,https://www.lebensmittelwarnung.de/bvl-lmw-de/detail/lebensmittel/71952
  Lebensmittel,16.09.2021,    AsRopa Food GmbH Berliner Straße 6 21509 Glinde  ,Yuki&Love OJuice Mango JellyYuki&Love OJuice Litschi Jelly,Erstickungsgefahr aufgrund der Inhaltszusatzstoffe Carageen (E407) und Johannisbrotkernmehl (E410) in Gelee-Süßware.,AsRopa Food GmbH,https://www.lebensmittelwarnung.de/bvl-lmw-de/opensaga/attachment/7b2d263f-5466-4a31-8ef5-f6bf18af6331/Bild.jpg?maxWidth=120&maxHeight=120,https://www.lebensmittelwarnung.de/bvl-lmw-de/detail/lebensmittel/71925
  Lebensmittel,13.09.2021,    ODW Lebensmittel GmbH Bahnhofstraße 31 64747 Breuberg  ,REWE Bio Apfelmark,Möglicher Verderb des Produktes durch Schimmel oder Hefebildung (Vergärung) vor Ablauf des angegebenen Mindesthaltbarkeitsdatums.,ODW Lebensmittel GmbH,https://www.lebensmittelwarnung.de/bvl-lmw-de/opensaga/attachment/c9bc268a-027a-4f49-9f09-bcf0ac02ecaf/REWE_Bio_Apfelmark.jpg?maxWidth=120&maxHeight=120,https://www.lebensmittelwarnung.de/bvl-lmw-de/detail/lebensmittel/71782
  Lebensmittel,10.09.2021,    SLCO GmbH & Co. KG  ,Reeva Instant Nudeln Huhn,Ethylenoxid,,https://www.lebensmittelwarnung.de/bvl-lmw-de/opensaga/attachment/281921a9-926c-4642-b3b1-12921a26c762/Produktbild.png?maxWidth=120&maxHeight=120,https://www.lebensmittelwarnung.de/bvl-lmw-de/detail/lebensmittel/71706
  Lebensmittel,08.09.2021,    EgeSun GmbH Lübkemannstraße 7 28876 Oyten  ,"dmBio Mandeln gemahlen, Bio, 200gMorgenLand Mandelmehl, Bio, 300g",Aflatoxine in Mandeln aus Spanien,EgeSun GmbH,https://www.lebensmittelwarnung.de/bvl-lmw-de/opensaga/attachment/e5b65617-aa71-4e81-9c8b-8df914c75896/dm+Mandeln+gemahlen+Vorderseite.jpg?maxWidth=120&maxHeight=120,https://www.lebensmittelwarnung.de/bvl-lmw-de/detail/lebensmittel/71602
  Lebensmittel,08.09.2021,     Fa. Lidl  ,"„Vitasia Wok Noodles Curry, 300 g“MHD 04.2022, Charge L161ULB3A“Vitasia Instant Nudeln Geschmack Garnele, 85 g” MHD 04.07.2022; Charge L141UQA1A","Es kann nicht ausgeschlossen werden, dass in den betroffenen Lebensmitteln Rückstände des in der EU nicht zugelassenen Pflanzenschutzmittels Ethylenoxid enthalten sind.",Filialplakat,https://www.lebensmittelwarnung.de/bvl-lmw-de/opensaga/attachment/e7e06ce4-817e-434c-9fc7-78b0505ada99/Unbenannt.PNG?maxWidth=120&maxHeight=120,https://www.lebensmittelwarnung.de/bvl-lmw-de/detail/lebensmittel/71630
  Lebensmittel,03.09.2021,"     Allfein Feinkost GmbH & Co. KG, Breeser Weg 3, 29451 Dannenberg  Hergestellt für Netto-Markendiscount AG & Co. KG, 93142 Maxhütte-Haidhof  ","Karli Kugelblitz – Knusper Dinos: Hähnchensnacks aus flüssig gewürzten fein zerkleinerten Hähnchenbrustfilet, geformt, paniert, fertig gebraten, tiefgefrohren",Fremdkörper aus Plastik blau,Verbraucher,https://www.lebensmittelwarnung.de/bvl-lmw-de/opensaga/attachment/90c463a3-872d-4ec1-9319-3835e8314ff5/Verpackung.jpg?maxWidth=120&maxHeight=120,https://www.lebensmittelwarnung.de/bvl-lmw-de/detail/lebensmittel/71536
  Lebensmittel,03.09.2021,    Alpro C.V.A. | Vlamingstraat 28 | B-8560 Wevelgem  ,Provamel Soja Kochcrème 250ml,Nachweis von Ethylenoxid in der Zutat Guarkernmehl,Alpro C.V.A.,https://www.lebensmittelwarnung.de/bvl-lmw-de/opensaga/attachment/10a78aeb-9eee-4e10-a6a8-2ea4ff68bfe7/R%FCckruf+Provamel.jpg?maxWidth=120&maxHeight=120,https://www.lebensmittelwarnung.de/bvl-lmw-de/detail/lebensmittel/71492
  Lebensmittel,02.09.2021,    Global Foods Trading GmbH  Am Winkelgraben 1a 64584 Biebesheim  ,MDH Peacock Kasoori Methi Bockshornkleeblätter,Überschreitung des Rückstandshöchstgehalts des Pflanzenschutzmittels Chlorpyrifos,Kundeninformation,https://www.lebensmittelwarnung.de/bvl-lmw-de/opensaga/attachment/23ae0f61-f0e8-4982-bebd-cb1fd99eca4d/Produktbild.JPG?maxWidth=120&maxHeight=120,https://www.lebensmittelwarnung.de/bvl-lmw-de/detail/lebensmittel/71422
  Lebensmittel,02.09.2021,    Global Foods Trading GmbH Am Winkelgraben 1a 64584 Biebesheim  ,"SCHANI Ginger Powder - Ingwer, gemahlen",Überschreitung des Rückstandshöchstgehalts von Ethylenoxid,Kundeninformation,https://www.lebensmittelwarnung.de/bvl-lmw-de/opensaga/attachment/e7b10e9e-e513-428d-82e3-2def6bf8f2e0/Produktabbildung.JPG?maxWidth=120&maxHeight=120,https://www.lebensmittelwarnung.de/bvl-lmw-de/detail/lebensmittel/71428
  Lebensmittel,30.08.2021,"    Ciloglu Handels GmbH,  Gärtringen  ",CILOGLU ASURELIK INCIR 20 X 250 GR(Getrocknete Feigen),"Beim vorliegenden Produkt wurde ein erhöhter Gehalt an Aflatoxine (B1, B2, G1 und G2) festgestellt.",Filialaushang,https://www.lebensmittelwarnung.de/bvl-lmw-de/opensaga/attachment/c55d37c0-edd0-4768-9f10-e0b3c09d799a/Bild+1.PNG?maxWidth=120&maxHeight=120,https://www.lebensmittelwarnung.de/bvl-lmw-de/detail/lebensmittel/71336
  Lebensmittel,30.08.2021,    Tölzer Kasladen GmbH  ,Torta di Noce,Bei einer Zutat in diesem Artikel wurde Listeria monocytogenes festgestellt.,,https://www.lebensmittelwarnung.de/bvl-lmw-de/opensaga/attachment/0a9446c1-2d70-4d6a-94ca-c4e836bfefbd/Produktbild.png?maxWidth=120&maxHeight=120,https://www.lebensmittelwarnung.de/bvl-lmw-de/detail/lebensmittel/71368
  Lebensmittel,27.08.2021,"    Dirk Rossmann GmbH, Isernhägener Str. 16, 30938 Burgwedel  ",WellMix Balance Shake Berry Star,Ethylenoxid-Grenzwertüberschreitung in Rohstoff Moringablattpulver,"Dirk Rossmann GmbH, Isernhägener Str. 16, 30938 Burgwedel",https://www.lebensmittelwarnung.de/bvl-lmw-de/opensaga/attachment/0679e81a-9008-4ceb-979f-08c64505610f/134146_Balance_Shake_Berry_vorn.JPG?maxWidth=120&maxHeight=120,https://www.lebensmittelwarnung.de/bvl-lmw-de/detail/lebensmittel/71252
  Lebensmittel,26.08.2021,"    Vertrieb durch die Firma  ANKA EU GmbH Koepe Str. 25-27 41812 Erkelenz  ","Sera Grüne Oliven, Kokteyl Yesil Zeytin",Die betroffene Ware wird aufgrund von fehlender Kennzeichnung des Allergens Sulfit zurückgerufen.,,,https://www.lebensmittelwarnung.de/bvl-lmw-de/detail/lebensmittel/69535
  Lebensmittel,25.08.2021,    Euphoria Trade s.r.o.  Vertrieben über die Fa. Lidl  ,"Mary & Juana - Premium Cannabis Cookies (Chocolate, Classic, Cranberry, Hash)Euphoria - Tea of mind Cannabis TeaEuphoria - Raw Cannabis Protein Bar Apple",In den genannten hanfhaltigen Lebensmitteln wurde ein erhöhter Gehalt an Tetrahydrocannabinol (THC) festgestellt.,Filialplakat,https://www.lebensmittelwarnung.de/bvl-lmw-de/opensaga/attachment/55ef0bf0-11af-41a2-a319-8987ceec89f5/Euphoria.PNG?maxWidth=120&maxHeight=120,https://www.lebensmittelwarnung.de/bvl-lmw-de/detail/lebensmittel/69391
  Lebensmittel,25.08.2021,    Mogota d.o.o.  Vertrieben über die Fa. Lidl  ,Mogota Hanftee,Es wurde ein erhöhter Gehalt an Tetrahydrocannabinol (THC) festgestellt.,Filialplakat,https://www.lebensmittelwarnung.de/bvl-lmw-de/opensaga/attachment/0ea89913-15e5-4769-b87e-5d3f9c412896/Mogota.PNG?maxWidth=120&maxHeight=120,https://www.lebensmittelwarnung.de/bvl-lmw-de/detail/lebensmittel/69396
  Lebensmittel,25.08.2021,    Hermann PF Getränke GmbH  Vertrieben über die Fa. Lidl  ,"Solevita Hanf Tee 0,75 l",Es wurde ein erhöhter Gehalt an Tetrahydrocannabinol (THC) festgestellt.,Filialplakat,https://www.lebensmittelwarnung.de/bvl-lmw-de/opensaga/attachment/781be82c-94d1-4860-8829-33e751df406e/Pfanner.PNG?maxWidth=120&maxHeight=120,https://www.lebensmittelwarnung.de/bvl-lmw-de/detail/lebensmittel/69401
  Lebensmittel,25.08.2021,    P. Brändle GmbH  Vertrieben über die Fa. Lidl  ,Vita D’or Bio Hanföl kaltgepresst 250 ml,Es wurde ein erhöhter Gehalt an Tetrahydrocannabinol (THC) festgestellt.,,https://www.lebensmittelwarnung.de/bvl-lmw-de/opensaga/attachment/9eae58b3-53c2-41c8-9f61-8888922cbe3e/Br%E4ndle.PNG?maxWidth=120&maxHeight=120,https://www.lebensmittelwarnung.de/bvl-lmw-de/detail/lebensmittel/69385
  Lebensmittel,24.08.2021,"    Seitenbacher Vertriebs-GmbH,  Siemensstr. 14 74722 Buchen im Odenwald  ",Fitness-Riegel ohne Schoko 50 gFitness-Riegel mit Schoko 50 g,Eine minimale Belastung mit dem Biozid Ethylenoxid kann nicht ausgeschlossen werden.,Aushang,https://www.lebensmittelwarnung.de/bvl-lmw-de/opensaga/attachment/ccf213c8-524d-4031-8669-ed29658242ff/Bild.PNG?maxWidth=120&maxHeight=120,https://www.lebensmittelwarnung.de/bvl-lmw-de/detail/lebensmittel/69304
  Lebensmittel,24.08.2021,    dennree GmbH  ,dennree Cashewmus 350 g,"Mögliche falsche Auslobung als Cashewmus. In den Gläsern der genannten Charge kann sich fälschlicherweise Erdnussmus befinden, das sich in Optik und Geruch deutlich von Cashewmus unterscheidet. Menschen, die allergisch auf Erdnuss reagieren, können von diesem Produkt gesundheitlich beeinträchtigt werden.",,https://www.lebensmittelwarnung.de/bvl-lmw-de/opensaga/attachment/4bd0595b-569e-46f9-8436-1538e4fbf230/Produktbild.png?maxWidth=120&maxHeight=120,https://www.lebensmittelwarnung.de/bvl-lmw-de/detail/lebensmittel/69340
  Lebensmittel,20.08.2021,"    DMK Deutsches Milchkontor GmbH Industriestraße 17  26188 Edewecht  Germany  ","GUT&GÜNSTIG Gratinkäse würzig 46,5% Fett i. Tr.","Fremdkörper, Schwarze Plastikteile",https://www.dmk.de/,https://www.lebensmittelwarnung.de/bvl-lmw-de/opensaga/attachment/48166c7a-e91c-4426-a988-ef61d4031a27/Produktbild.jpg?maxWidth=120&maxHeight=120,https://www.lebensmittelwarnung.de/bvl-lmw-de/detail/lebensmittel/69141
  Lebensmittel,19.08.2021,    Fa. Neuburger Fleischlos GmbH  ,Hermann Schnitzel ohne Fleisch,falsches Mindesthaltbarkeitsdatum abgedruckt,,https://www.lebensmittelwarnung.de/bvl-lmw-de/opensaga/attachment/59f6f812-fba0-47d1-8dd5-f641cfacedcd/Produktbild.png?maxWidth=120&maxHeight=120,https://www.lebensmittelwarnung.de/bvl-lmw-de/detail/lebensmittel/69100
  Lebensmittel,19.08.2021,"     G+G Convenience Produkte GmbH & Co. KG, Industriestr. 15, 49681 Garrel   Vefo GmbH, Ecopark – Allee 7, 49685 Emstek  ",Vegane Sticks Cheese-Style,Erhöhte Gehalte von Ethylenoxid,Vefo GmbH,https://www.lebensmittelwarnung.de/bvl-lmw-de/opensaga/attachment/539d1a26-a5f7-409b-98a6-8f7ef269d7e8/Vegane+Sticks+Cheese+Style.jpg?maxWidth=120&maxHeight=120,https://www.lebensmittelwarnung.de/bvl-lmw-de/detail/lebensmittel/69060
  Lebensmittel,18.08.2021,    MARS GmbH Eitzer Straße 215 27283 Verden Aller  ,1. Channa Masala Kichererbsen-Curry - Marke TASTY BITE2. Madras Curry mit Linsen und Kidneybohnen - Marke TASTY BITE3. Bombay Curry mit Kichererbsen und Kartoffeln - Marke TASTY BITE4. Thai Curry mit Gemüse und Erdnüssen- Marke TASTY BITE,Ethylenoxid,Mars Food,https://www.lebensmittelwarnung.de/bvl-lmw-de/opensaga/attachment/f800a17e-561b-48eb-8e06-21069eddebfd/Bild_Bombay+Curry+mit+Kichererbsen+und+Kartoffeln.jpg?maxWidth=120&maxHeight=120,https://www.lebensmittelwarnung.de/bvl-lmw-de/detail/lebensmittel/68965
  Lebensmittel,18.08.2021,    Mamminger Konserven  GmbH & Co. KG  ,Beste Ernte Pusztasalat,Glasscherben,,https://www.lebensmittelwarnung.de/bvl-lmw-de/opensaga/attachment/6863c881-2f6a-402f-82ed-1816fb657bfc/Beste-Ernte-Pusztasalat-330-g-Glas-r.png?maxWidth=120&maxHeight=120,https://www.lebensmittelwarnung.de/bvl-lmw-de/detail/lebensmittel/69002
  Lebensmittel,13.08.2021,"    CARL KÜHNE KG GmbH & Co., Kühnehöfe 11, 22761 HAMBURG  ","Kühne Rote Grütze, 375 g Glas",Ethylenoxid-Feststellung (Summenparameter aus Ethylenoxid und 2-Chlorethanol) im Produkt;,,https://www.lebensmittelwarnung.de/bvl-lmw-de/opensaga/attachment/17297415-9bae-41a8-8e35-af77405d3d0f/CK_38780_Rote+Gr%FCtze_375g+.jpg?maxWidth=120&maxHeight=120,https://www.lebensmittelwarnung.de/bvl-lmw-de/detail/lebensmittel/68885
  Lebensmittel,12.08.2021,    Phytochem  Nutrion GmbH Biedenkamp10 21509 Glinde  ,Alpha Liponsäure 120 Kapseln,Zu hohe Menge von Alpha-Liponsäure,,https://www.lebensmittelwarnung.de/bvl-lmw-de/opensaga/attachment/4e8e6974-81d3-4bca-8259-756bd8740c68/B073MXQ4R7.main.jpg?maxWidth=120&maxHeight=120,https://www.lebensmittelwarnung.de/bvl-lmw-de/detail/lebensmittel/68845
  Lebensmittel,12.08.2021,    Bode Naturkost GmbH Havighorster Weg 6 21031 Hamburg  ,Mandeln gemahlen BIO,Aflatoxine,Ruckruf Horst Bode Naturkost GmbH,https://www.lebensmittelwarnung.de/bvl-lmw-de/opensaga/attachment/ebd70205-50bd-45be-9857-76075b2c5fab/Dok1-001.jpg?maxWidth=120&maxHeight=120,https://www.lebensmittelwarnung.de/bvl-lmw-de/detail/lebensmittel/68793
  Lebensmittel,12.08.2021,    Panasia DE Handels GmbH Robert-Koch-Str. 1a 63128 Dietzenbach  ,PALDO RAMEN RABOKKI Instantnudeln,Nachweis von 2-Chlorethanol,Panasia DE Handels GmbH,https://www.lebensmittelwarnung.de/bvl-lmw-de/opensaga/attachment/a4aebba9-1b78-4f95-b1ed-f9993415afe9/R%FCckruf+Rabokki.jpg?maxWidth=120&maxHeight=120,https://www.lebensmittelwarnung.de/bvl-lmw-de/detail/lebensmittel/68782
  Lebensmittel,11.08.2021,    GEPA  The Fair Trade Company GEPA-Weg 1 42327 Wuppertal  ,Bio Mandel Heidesand,erhöhte Gehalte an Aflatoxinen in den verwendeten Mandeln,GEPA The Fair Trade Company,https://www.lebensmittelwarnung.de/bvl-lmw-de/opensaga/attachment/bbaba282-e1c0-4f1a-b7a0-2079211763d0/Produktabbildung.jpg?maxWidth=120&maxHeight=120,https://www.lebensmittelwarnung.de/bvl-lmw-de/detail/lebensmittel/68732
  Lebensmittel,10.08.2021,    Die Südwestdeutsche Salzwerke AG  ,Aquasale Grobes Meersalz 1 kg Beutel GTIN: 40 01475 11263 8),"Es kann nicht ausgeschlossen werden, dass sich Glas in dem Lebensmittel befindet.",Kundeninformation,https://www.lebensmittelwarnung.de/bvl-lmw-de/opensaga/attachment/5c5b6b11-84b1-4d36-af7c-16dc9755e7b1/Unbenannt.PNG?maxWidth=120&maxHeight=120,https://www.lebensmittelwarnung.de/bvl-lmw-de/detail/lebensmittel/68648
  Lebensmittel,10.08.2021,"    Mars GmbH, Biberger Straße 18, 82008 Unterhaching  ","SNICKERS® Eiscreme-Riegel,SNICKERS® CRISP Eiscreme-Riegel,SNICKERS® WHITE Eiscreme-Riegel,BOUNTY® Eiscreme-Riegel,TWIX® Eiscreme-Riegel,M&M’S® Choco & Peanut Stieleis",Ethylenoxid,Mars GmbH,https://www.lebensmittelwarnung.de/bvl-lmw-de/opensaga/attachment/385e168d-4033-4e50-b626-6a7a2a114f9f/SNICKERS+Ice+cream+bar+6-Pack+Box.png?maxWidth=120&maxHeight=120,https://www.lebensmittelwarnung.de/bvl-lmw-de/detail/lebensmittel/68686
  Lebensmittel,09.08.2021,    Fa. ACT ON EAT - Tomm'Pousse  ,"Le Rouillé Nature, le Rouillé Cumin und le Rouillé Fumé",Listeria monocytogenes,,https://www.lebensmittelwarnung.de/bvl-lmw-de/opensaga/attachment/a581d1a9-d41a-40f4-a988-2a9daa795726/Produktbilder.png?maxWidth=120&maxHeight=120,https://www.lebensmittelwarnung.de/bvl-lmw-de/detail/lebensmittel/68635
  Lebensmittel,06.08.2021,    P. u B. Konefal - Triccess GbR  ,Vitaragna Eden Care ALA 500 Plus 120,Zu hohe Menge von Alpha-Liponsäure,,https://www.lebensmittelwarnung.de/bvl-lmw-de/opensaga/attachment/8c260e1f-f046-4d28-bb18-9c3cd7cca27b/Produktbild.png?maxWidth=120&maxHeight=120,https://www.lebensmittelwarnung.de/bvl-lmw-de/detail/lebensmittel/68485
  Lebensmittel,05.08.2021,    Kreyenhop & Kluge GmbH & Co. KG Importeur Industriestr. 40-42 28876 Oyten  ,NONG SHIM Instantnudeln Seafood Ramyun,erhöhter Gehalt an Ethylenoxid,Kreyenhop & Kluge GmbH & Co. KG,https://www.lebensmittelwarnung.de/bvl-lmw-de/opensaga/attachment/67b89f72-d57a-45f1-b570-9f7d43b4fbb0/8742.jpg?maxWidth=120&maxHeight=120,https://www.lebensmittelwarnung.de/bvl-lmw-de/detail/lebensmittel/68436
  Lebensmittel,04.08.2021,"    Mars GmbH, Biberger Straße 18, 82008 Unterhaching  ",M&M’S® Crispy,"Es kann nicht ausgeschlossen werden, dass die genannten Produkte eine geringe Menge an GVO im Reis-Mehl enthalten.",Mars GmbH,https://www.lebensmittelwarnung.de/bvl-lmw-de/opensaga/attachment/ea954996-ea08-4758-b6e9-edf29e5d239f/M&M%19S%AE+Crispy+36g+Einzelpackung+%13+Beutel.jpg?maxWidth=120&maxHeight=120,https://www.lebensmittelwarnung.de/bvl-lmw-de/detail/lebensmittel/68254
  Lebensmittel,04.08.2021,    Nutricia Milupa GmbH Am Hauptbahnhof 18 60329 Frankfurt am Main  ,Milupa Bio-Getreidebrei 7-Korn,fehlende Allergenkennzeichnung der Allergene Milch und Soja,Nutricia Milupa GmbH,https://www.lebensmittelwarnung.de/bvl-lmw-de/opensaga/attachment/df93f2cf-df3c-4a53-b855-da67239ab8bc/Milupa_Bio_Getreidebrei.png?maxWidth=120&maxHeight=120,https://www.lebensmittelwarnung.de/bvl-lmw-de/detail/lebensmittel/68321
  Lebensmittel,30.07.2021,"    POWERSTAR FOOD Nahrungsergänzungen GmbH, Hauptstr. 152, 66424 Homburg  ",Powerstar Food Ecdysteron  60 Kapseln,"Höchstgehaltsüberschreitung von Benz(a)pyren und ""Summe PAK4""",,https://www.lebensmittelwarnung.de/bvl-lmw-de/opensaga/attachment/73168116-5452-4d8b-bc7e-029feffd9766/Ecdysteron+Powerstar+food.jpg?maxWidth=120&maxHeight=120,https://www.lebensmittelwarnung.de/bvl-lmw-de/detail/lebensmittel/67916
  Lebensmittel,28.07.2021,    Nosor Baladna GmbH  Konrad-Zuse-Straße 6 41516 Grevenbroich  ,"Tahini Sesampaste der Marke ""Baladna""",Salmonellen,Fa. Nosor Baladna GmbH,https://www.lebensmittelwarnung.de/bvl-lmw-de/opensaga/attachment/23d63e89-dd4d-469f-a571-1c35119b9763/Produktbild.jpg?maxWidth=120&maxHeight=120,https://www.lebensmittelwarnung.de/bvl-lmw-de/detail/lebensmittel/67926
  Lebensmittel,28.07.2021,"     Fa. Embutidos Caula  Fa. Fromi  ","Wurstwaren:30457 Fuet Selection Extra 160 g  30486 Fuet Selection Extra Poivre Noir 30487 Fuet Selection Extra Fine Herbe 30489 Fuet Selection Extra Piment 160 g","Wegen Verdacht auf Kontamination mit unerwünschten Bakterien (Salmonelle spp), werden die Produkte aus dem Verkauf genommen.",,,https://www.lebensmittelwarnung.de/bvl-lmw-de/detail/lebensmittel/67904
  Lebensmittel,27.07.2021,"    BTG Berlin Trade GmbH, Wilhelminenhofstraße 89a, DE-12459 Berlin  ",Bionutra Moringa Kapseln Bio (240 Kapseln a 600 mg),Überhöhter Wert an Ethylenoxid,"BTG Berlin Trade GmbH, Wilhelminenhofstraße 89a, DE-12459 Berlin",https://www.lebensmittelwarnung.de/bvl-lmw-de/opensaga/attachment/4c997347-67f1-4bd6-a5cb-20562f208596/Produktbild.png?maxWidth=120&maxHeight=120,https://www.lebensmittelwarnung.de/bvl-lmw-de/detail/lebensmittel/67896
  Lebensmittel,23.07.2021,    Bärbel Drexel GmbH  ,Good Night Plus Presslinge,Grenzüberschreitung bzgl. Ethylenoxid,,https://www.lebensmittelwarnung.de/bvl-lmw-de/opensaga/attachment/73ac246c-52f9-4a8e-9f04-ce0a666ea9d5/Produktbild64g.png?maxWidth=120&maxHeight=120,https://www.lebensmittelwarnung.de/bvl-lmw-de/detail/lebensmittel/67778
  Lebensmittel,23.07.2021,    Bärbel Drexel GmbH  ,Schlaf gut mit Lavendel Presslinge,Grenzüberschreitung bzgl. Ethylenoxid,,https://www.lebensmittelwarnung.de/bvl-lmw-de/opensaga/attachment/94a699e9-2c7a-4474-9012-97e6f2cb1818/Produktbild.jpg?maxWidth=120&maxHeight=120,https://www.lebensmittelwarnung.de/bvl-lmw-de/detail/lebensmittel/67783
  Lebensmittel,23.07.2021,    bojati food GmbH  Margarete-Steiff-Str. 10 28876 Oyten  ,borchers Bio Low Carb Mehl,Aflatoxine in Low Carb Mehl,Vom Hersteller Fa. bojati food GmbH,https://www.lebensmittelwarnung.de/bvl-lmw-de/opensaga/attachment/c9f50554-f307-43da-9d4d-01d22c87f575/Bild.jpg?maxWidth=120&maxHeight=120,https://www.lebensmittelwarnung.de/bvl-lmw-de/detail/lebensmittel/67798
  Lebensmittel,22.07.2021,    ARDO GmbH  Pempelfurtstraße 1 40880 Ratingen  ,"REWE Beste Wahl, Rahmspinat portioniert mild gewürzt, 500g","Es kann nicht ausgeschlossen werden, dass sich in einzelnen Verpackungen dünne Metallspäne befinden.","Verbraucherinformation der ARDO GmbH, Ratingen",https://www.lebensmittelwarnung.de/bvl-lmw-de/opensaga/attachment/d7e24f57-cf99-4e7d-9ed2-c1d90ba4e426/Bild+REWE+Rahmspinat+mild+gew%FCrzt.png?maxWidth=120&maxHeight=120,https://www.lebensmittelwarnung.de/bvl-lmw-de/detail/lebensmittel/67685
  Lebensmittel,21.07.2021,"    Alvego UG haftungsbeschränkt, Feilnerstraße 9, 10969 Berlin  ","Roter Algensalat (Nordische Art), Bio, Barcode: 8719326472676Gelber Algensalat (Orientalische Art), Bio, Barcode: 8719326472638Lila Algensalat (Mediterrane Art), Bio, Barcode: 8719326472645",Es wurde eine deutlich zu hohe Menge Jod pro Glas in einer Charge gefunden.,Alvego UG,https://www.lebensmittelwarnung.de/bvl-lmw-de/opensaga/attachment/c36bc5b5-72f3-4981-ba5a-393cd37cbd63/red.png?maxWidth=120&maxHeight=120,https://www.lebensmittelwarnung.de/bvl-lmw-de/detail/lebensmittel/67610
  Lebensmittel,20.07.2021,    Fa. Valeacell  ,Valeacell - Alpha Liponsäure 120 Kapseln Kunststoff und Glas,Zu hohe Menge von Alpha-Liponsäure,,https://www.lebensmittelwarnung.de/bvl-lmw-de/opensaga/attachment/e76bba38-42bf-4b5a-a38f-d46a1ad9bc96/Produktbild.png?maxWidth=120&maxHeight=120,https://www.lebensmittelwarnung.de/bvl-lmw-de/detail/lebensmittel/67558
  Lebensmittel,19.07.2021,"    Bio Moringa Oleifera GmbH, Bodendorf 157, A-4223 Katsdorf Österreich  ",Moringa Bio Kapseln,Überhöhter Wert an Ethylenoxid,"sanitas GmbH & Co. KG, Billerbecker Str. 67, 32839 Steinheim",https://www.lebensmittelwarnung.de/bvl-lmw-de/opensaga/attachment/24b2bb62-0de1-4ce3-b3be-1c0b6cc6d659/Produktfoto.jpg?maxWidth=120&maxHeight=120,https://www.lebensmittelwarnung.de/bvl-lmw-de/detail/lebensmittel/67497
  Lebensmittel,16.07.2021,    Crystal Food GmbH  ,Durra Green freekeh 450 g,Bei Verzehr des Produktes kann es zu Verletzungen durch Kunststoffsplitter kommen.,,https://www.lebensmittelwarnung.de/bvl-lmw-de/opensaga/attachment/359e70aa-c63b-496d-8923-e2443fadc28e/Produktbild.png?maxWidth=120&maxHeight=120,https://www.lebensmittelwarnung.de/bvl-lmw-de/detail/lebensmittel/67348
  Lebensmittel,16.07.2021,    Dovgan GmbH Hamburg Germany  ,Halva aus Sonnenblumenkernen,Salmonellen in in Halva aus Sonnenblumenkernen,,https://www.lebensmittelwarnung.de/bvl-lmw-de/opensaga/attachment/ca7ac58a-d221-4314-8738-dea92325085c/21-01951front.jpg?maxWidth=120&maxHeight=120,https://www.lebensmittelwarnung.de/bvl-lmw-de/detail/lebensmittel/67346
  Lebensmittel,16.07.2021,    NaturaFit Diätetische Lebensmittelproduktions GmbH  ,Nahrungsergänzungsmittel mit Alpha-Liponsäure 300 R (+),Die aus den Verzehrempfehlungen des Artikels resultierende Tagesdosis überschreitet die sichere tägliche Aufnahmemenge,,https://www.lebensmittelwarnung.de/bvl-lmw-de/opensaga/attachment/7d7559db-9422-472d-9712-f07f19e1bbdc/Produktbild.png?maxWidth=120&maxHeight=120,https://www.lebensmittelwarnung.de/bvl-lmw-de/detail/lebensmittel/67392
  Lebensmittel,16.07.2021,"    Fa. Alvego UG, Feilnerstraße 9, 10969 Berlin  ","„Roter Algensalat (Nordische Art), Bio“, Art.-Nr. 410578, Barcode 4033689045525„Gelber Algensalat (Orientalische Art), Bio“, Art.-Nr. 410589, Barcode 4033689045532 „Lila Algensalat (Mediterrane Art), Bio“, Art.-Nr. 410591, Barcode 4033689045549",Es wurde eine deulich zu hohe Menge Jod pro Glas in einer Charge gefunden.,Alvego UG,https://www.lebensmittelwarnung.de/bvl-lmw-de/opensaga/attachment/2c05136c-fadc-4c9e-b764-f89df364fe40/red.png?maxWidth=120&maxHeight=120,https://www.lebensmittelwarnung.de/bvl-lmw-de/detail/lebensmittel/67326
  Lebensmittel,14.07.2021,     TSI Consumer Goods GmbH Vertrieben über die Fa. Lidl  ,"Kania Majoran gerebelt, 10 g",Im Rahmen von einer Eigenuntersuchung wurden Salmonellen festgestellt.,Filialplakat,https://www.lebensmittelwarnung.de/bvl-lmw-de/opensaga/attachment/f76ca1c8-7c28-4d2d-9715-bb72b3cf9e90/Bild+1.PNG?maxWidth=120&maxHeight=120,https://www.lebensmittelwarnung.de/bvl-lmw-de/detail/lebensmittel/67233
  Lebensmittel,14.07.2021,    Orient Gate GmbH Pinkertweg 4 22113 Hamburg  ,"Kreuzkümmel, ganze Körner",Aus Gründen des vorbeugenden Verbraucherschutzes- Befund von Salmonellen -  ruft die Herstellerfirma das Produkt der Marke Abido  (50 g) zurück.,,https://www.lebensmittelwarnung.de/bvl-lmw-de/opensaga/attachment/5914a539-645c-4b8d-a07c-b74941c3f851/kreuzk%FCmmel_ganz.jpg?maxWidth=120&maxHeight=120,https://www.lebensmittelwarnung.de/bvl-lmw-de/detail/lebensmittel/67201
  Lebensmittel,13.07.2021,    Kirchner Gewürze GmbH & Co. KG  ,Auftragsgriller,Salmonellen,,https://www.lebensmittelwarnung.de/bvl-lmw-de/opensaga/attachment/c8b2e9ea-6aae-494f-baca-f0015b91e783/Produktbild+Auftragsgriller.png?maxWidth=120&maxHeight=120,https://www.lebensmittelwarnung.de/bvl-lmw-de/detail/lebensmittel/67151
  Lebensmittel,13.07.2021,    Kirchner Gewürze GmbH & Co. KG  ,Senfkörner,Salmonellen,Charge auf Bild ist nicht die betroffene Charge! Es dient nur als Beispiel,https://www.lebensmittelwarnung.de/bvl-lmw-de/opensaga/attachment/df4897ce-4245-4c87-b23c-3033d2d877a6/Produktbild+Senfk%F6rner.png?maxWidth=120&maxHeight=120,https://www.lebensmittelwarnung.de/bvl-lmw-de/detail/lebensmittel/67144
  Lebensmittel,13.07.2021,    Kirchner Gewürze GmbH & Co. KG  ,Steakhouse Pfeffer,Salmonellen,,https://www.lebensmittelwarnung.de/bvl-lmw-de/opensaga/attachment/d8c8907e-193f-4aff-bd71-00772de635ce/Steakhouse+Pfeffer.png?maxWidth=120&maxHeight=120,https://www.lebensmittelwarnung.de/bvl-lmw-de/detail/lebensmittel/67158
  Lebensmittel,09.07.2021,    Fa. Flying Tiger Copenhagen  ,Banana Chips,Salmonellen,,https://www.lebensmittelwarnung.de/bvl-lmw-de/opensaga/attachment/50049726-6aa6-4af0-96a9-50bac59abe93/Produktbild.png?maxWidth=120&maxHeight=120,https://www.lebensmittelwarnung.de/bvl-lmw-de/detail/lebensmittel/66965
  Lebensmittel,09.07.2021,    McCain GmbH Düsseldorfer Str. 13 65760 Eschborn  ,McCain Pom PomsKnuspriger Kartoffelspaß,"Es kann nicht ausgeschlossen werden, dass sich in einzelnen Verpackungen metallische Fremdkörper befinden.",Kundeninformation,https://www.lebensmittelwarnung.de/bvl-lmw-de/opensaga/attachment/e32de806-0b1e-4a7c-92d0-54ae495c44d5/Produktbild+McCain.JPG?maxWidth=120&maxHeight=120,https://www.lebensmittelwarnung.de/bvl-lmw-de/detail/lebensmittel/66993
  Lebensmittel,07.07.2021,    Omega Pharma Deutschland GmbH 71083 Herrenberg  ,Abtei Magnesium Calcium + D3 (42 Tabletten),Aufgrund nachgewiesener Mengen der Substanz 2-Chlorethanol ist eine gesundheitliche Beeinträchtigung bei dauerhafter Einnahme nicht auszuschließen.,,https://www.lebensmittelwarnung.de/bvl-lmw-de/opensaga/attachment/8b2e7e32-0995-4f6c-b512-9092de9c881c/Unbenannt.PNG?maxWidth=120&maxHeight=120,https://www.lebensmittelwarnung.de/bvl-lmw-de/detail/lebensmittel/66919
  Lebensmittel,06.07.2021,"     Ciloglu Handels GmbH, Gärtringen  ",SCHWARZE OLIVEN MUCIZE 700 GSCHWARZE OLIVEN MAVI (DUBLE) 700 GSCHWARZE OLIVEN SARI ISTANBUL 500 GSCHWARZE OLIVEN GOLD 700 GSCHWARZE OLIVEN KUPA USLU 1500 GSCHWARZE OLIVEN IZMIR (TURUNCU) 700 G,"Es kann nicht ausgeschlossen werden, dass die oben genannten Produkte mikrobielle und substantielle Abweichungen aufweisen. Es wurden Schimmelpilze festgestellt, d.h. die betroffenen Lebensmittel sind nicht mehr für den Verzehr geeignet.",Kundeninformation,https://www.lebensmittelwarnung.de/bvl-lmw-de/opensaga/attachment/e5b3c631-68bb-4568-8913-3d75d16102b8/Bilder.png?maxWidth=120&maxHeight=120,https://www.lebensmittelwarnung.de/bvl-lmw-de/detail/lebensmittel/66877
  Lebensmittel,06.07.2021,"     Ciloglu Handels GmbH, Gärtringen  ",TEIGTASCHEN MIT KÄSEFÜLLUNG 300 GHASTEL TEIGBLÄTTER FÜR BÖREK 400 GHASTEL YUFKA TEIGBLÄTTER FÜR BÖREK 360 GTEIGBLÄTTER FÜR BÖREK & BAKLAVA 500 G,"Es kann nicht ausgeschlossen werden, dass die oben genannten Produkte mikrobielle und substantielle Abweichungen aufweisen. Es wurden Schimmelpilze festgestellt, d.h. die betroffenen Lebensmittel sind nicht mehr für den Verzehr geeignet.",Ciloglu Handels GmbH,https://www.lebensmittelwarnung.de/bvl-lmw-de/opensaga/attachment/9a3a6972-7c22-482d-920d-a0f6191cf4d9/Unbenannt.PNG?maxWidth=120&maxHeight=120,https://www.lebensmittelwarnung.de/bvl-lmw-de/detail/lebensmittel/66822
  Lebensmittel,05.07.2021,    Bärbel Drexel GmbH  ,Good Night Plus Presslinge,Grenzüberschreitung bzgl. Ethylenoxid,,https://www.lebensmittelwarnung.de/bvl-lmw-de/opensaga/attachment/e8a85c05-e2b6-430d-b387-e714f5f884be/Produktbild.png?maxWidth=120&maxHeight=120,https://www.lebensmittelwarnung.de/bvl-lmw-de/detail/lebensmittel/66803
  Lebensmittel,01.07.2021,"    NV Snack Food Poco Loco, Belgien  Vertrieb MBG Foodservice GmbH  ",HENDERSON AND SONS DIP CHEESE,Verdacht von Glassplittern im Produkt,MBG Foodservice GmbH,https://www.lebensmittelwarnung.de/bvl-lmw-de/opensaga/attachment/4cef2d6e-5afa-48be-b679-02d18b206873/20210630_Presseinformation_HENDERSON_AND_SONS_CHEESE_DIP_R%FCckruf.jpg?maxWidth=120&maxHeight=120,https://www.lebensmittelwarnung.de/bvl-lmw-de/detail/lebensmittel/66743
  Lebensmittel,28.06.2021,"    NV Snack Food Poco Loco, Belgien  Vertrieb Aldi Nord  ",Feurich Salsa Dip Käse,Glassplitter,NV Snack Food Poco Loco,https://www.lebensmittelwarnung.de/bvl-lmw-de/opensaga/attachment/a3d6665a-c00d-4160-ac6f-c8beb613e90b/Recall_press+release_contamination+glass+DEU.jpg?maxWidth=120&maxHeight=120,https://www.lebensmittelwarnung.de/bvl-lmw-de/detail/lebensmittel/66687
  Lebensmittel,25.06.2021,    Carl Wilhelm Clasen GmbH Hans-Koch-Ring 12 21493 Schwarzenbek  ,Clasen Bio Sojamehl,Nicht deklariertes Allergen Gluten,Carl Wilhelm Clasen GmbH,https://www.lebensmittelwarnung.de/bvl-lmw-de/opensaga/attachment/ac1200d5-4838-4f4a-a9e1-95ed873c4848/Bild.jpg?maxWidth=120&maxHeight=120,https://www.lebensmittelwarnung.de/bvl-lmw-de/detail/lebensmittel/66542
  Lebensmittel,25.06.2021,    Bärbel Drexel GmbH  ,Good Night Plus Presslinge,Grenzüberschreitung bzgl. Ethylenoxid,,https://www.lebensmittelwarnung.de/bvl-lmw-de/opensaga/attachment/b520aa0e-a776-4a55-8f83-0fd3d4b80e59/Good+Night+Plus.png?maxWidth=120&maxHeight=120,https://www.lebensmittelwarnung.de/bvl-lmw-de/detail/lebensmittel/66578
  Lebensmittel,25.06.2021,    Bärbel Drexel GmbH  ,Schlaf gut mit Lavendel Presslinge,Grenzüberschreitung bzgl. Ethylenoxid,,https://www.lebensmittelwarnung.de/bvl-lmw-de/opensaga/attachment/f6b99396-19a5-4be3-b448-2483ec82f2b6/Produktbild+Schlaf+Gut+mit+Lavendel.png?maxWidth=120&maxHeight=120,https://www.lebensmittelwarnung.de/bvl-lmw-de/detail/lebensmittel/66586
  Lebensmittel,22.06.2021,    Schweizer  HACO AG  bundesweiter Vertrieb durch die Fa. Lidl  ,"„Kania Fix Nudel-Schinken Gratin“, „Kania Fix Bolognese“ und „Kania Fix für Lasagne“","In Eigenanalysen wurde festgestellt, dass die in den betroffenen Produkten enthaltenen Zwiebeln mit Blei belastet sind.",Filialplakat,https://www.lebensmittelwarnung.de/bvl-lmw-de/opensaga/attachment/a5b3664a-b0a6-41e6-8e6d-02be18418fc1/Bild+1.png?maxWidth=120&maxHeight=120,https://www.lebensmittelwarnung.de/bvl-lmw-de/detail/lebensmittel/66404
  Lebensmittel,18.06.2021,    Paul M. Müller GmbH  ,ADRIA Pizza-Tomaten (Polpa di Pomodoro),Mögliche Lackablösungen im Inneren der Konservendosen,,https://www.lebensmittelwarnung.de/bvl-lmw-de/opensaga/attachment/47c5acd0-140a-4a6b-bc91-07a927ec3f23/Produktbild.png?maxWidth=120&maxHeight=120,https://www.lebensmittelwarnung.de/bvl-lmw-de/detail/lebensmittel/66343
  Lebensmittel,18.06.2021,    Berglandmilch eGen  ,"Schärdinger Brat- und Grillkäse, Natur,",Listerien,© Berglandmilch eGen,https://www.lebensmittelwarnung.de/bvl-lmw-de/opensaga/attachment/cab2b5fb-9d4a-42a1-800d-fcac83af7896/Produktbild.jpg?maxWidth=120&maxHeight=120,https://www.lebensmittelwarnung.de/bvl-lmw-de/detail/lebensmittel/66365
  Lebensmittel,07.06.2021,    The GoFoods Company GmbH  Brandshofer Deich 68 20539 Hamburg  ,Eat Real Quinoa & Kale Corn Puffs Jalapeno & Cheddar undEat Real Quinoa Corn Puffs White Cheddar,"Die benannten Eat Reals Puffs Produkte mit den Barcodenummern: 50264894898725026489489841alle Haltbarkeiten bis einschließlich Mai 2022 werden zurückgerufen, da das Produkt möglicherweise Milch enthält, die nicht auf dem Etikett aufgeführt ist und daher ein Risiko für Menschen mit einer Milchallergie darstellt.",,https://www.lebensmittelwarnung.de/bvl-lmw-de/opensaga/attachment/95f1161c-4164-4b47-a162-e8b92c9376d4/21-06-07+R%FCckruf_eatreal_quinoa_puffs-001.jpg?maxWidth=120&maxHeight=120,https://www.lebensmittelwarnung.de/bvl-lmw-de/detail/lebensmittel/66201
  Lebensmittel,27.05.2021,"    Erhardt GmbH & Co. KG,  Renchenweg 22 77767 Urloffen  ",Erhardt Meerrettichzubereitung ungeschwefeltDemeter 125 g,In dem genannten Produkt könnten sich scharfkantiger Fremdkörper befinden.,,,https://www.lebensmittelwarnung.de/bvl-lmw-de/detail/lebensmittel/65942
  Lebensmittel,27.05.2021,    Ciloglu Handels GmbH Gärtringen  ,schwarze Oliven mit SteinDUBLE SELE ZEYTIN PET 9 x 700 g,mikrobielle und substantielle Abweichungen,,,https://www.lebensmittelwarnung.de/bvl-lmw-de/detail/lebensmittel/65977
  Lebensmittel,27.05.2021,    Ciloglu Handels GmbH Gärtringen  ,schwarze Oliven mit SteinMUCIZE SELE ZEYTIN 9 x 700 g,mikrobielle und substantielle Abweichungen,,,https://www.lebensmittelwarnung.de/bvl-lmw-de/detail/lebensmittel/65982
  Lebensmittel,26.05.2021,    Breathe Solutions GmbH  ,"CBD-Öl 15% ""Relax Me""",erhöhter Delta-9-Tetrahydrocannabinol-Gehalt,,https://www.lebensmittelwarnung.de/bvl-lmw-de/opensaga/attachment/2c0c4df0-c73d-449c-bfc0-fa3667c5e3cd/Produktfoto.png?maxWidth=120&maxHeight=120,https://www.lebensmittelwarnung.de/bvl-lmw-de/detail/lebensmittel/65923
  Lebensmittel,21.05.2021,     Firma Ciloglu Handels GmbH  ,"KAVALA KURABIYE 12 X 290 g(KEKSE MIT MANDELN)","Es kann nicht ausgeschlossen werden, dass das Produkt Erdnüsse und Haselnüsse enthält, die eine Gesundheitsgefahr für Allergiker darstellen kann.",,,https://www.lebensmittelwarnung.de/bvl-lmw-de/detail/lebensmittel/65803
  Lebensmittel,07.05.2021,    Carl Wilhelm Clasen GmbH Hans-Koch-Ring 12 21493 Schwarzenbek  ,Clasen Bio Amaranth,Aus Gründen des vorbeugenden Verbraucherschutzes ruft die Carl Wilhelm Clasen GmbH verschieden Chargen von Clasen Bio-Amaranth zurück. Bei den genannten Chargen wurde der gesetzliche Höchstgehalt für Ethylenoxid überschritten.,Carl Wilhelm Clasen GmbH,https://www.lebensmittelwarnung.de/bvl-lmw-de/opensaga/attachment/747a9802-0274-49d1-aec3-4e859aa8ec87/Amaranth.jpg?maxWidth=120&maxHeight=120,https://www.lebensmittelwarnung.de/bvl-lmw-de/detail/lebensmittel/65606
  Lebensmittel,03.05.2021,    Humana Vertriebs GmbH Henrich-Focke-Str. 4 28199 Bremen  ,"Alete bewusst ""Spinat-Käse-Risotto"" Babynahrung","In den genannten Gläsern kann sich anstatt des auf dem Etikett deklarierten Menüs ""Spinat-Käse-Risotto"" das Menü ""Gemüse mit Spaghetti und Pute"" befinden.",Alete bewusst,https://www.lebensmittelwarnung.de/bvl-lmw-de/opensaga/attachment/82f1def1-432d-4386-a76a-6498b8b09ca8/AleteBewust-Spinat-Kaese-Risotto-250g.png?maxWidth=120&maxHeight=120,https://www.lebensmittelwarnung.de/bvl-lmw-de/detail/lebensmittel/65444
  Lebensmittel,23.04.2021,"     Deutschland Hecht Pharma GmbH, Zevener Str. 9 in 27432 Bremervörde  ","HUSK Psyllium FLOHSAMENSCHALEN Pulver 200 gHUSK Psyllium FLOHSAMENSCHALEN 225 Kapseln",Mögliche Belastung mit Salmonellen,Hecht Pharma GmbH,https://www.lebensmittelwarnung.de/bvl-lmw-de/opensaga/attachment/3cbbb3d8-7131-4c57-be1f-4f23c510f727/Husk_Flohsamenschalen_Pulver_1.jpg?maxWidth=120&maxHeight=120,https://www.lebensmittelwarnung.de/bvl-lmw-de/detail/lebensmittel/65222
  Lebensmittel,22.04.2021,    DE-VAU-GE Gesundkostwerk Deutschland GmbH Lüner Rennbahn 18 21339 Lüneburg  - Vertrieben über Netto Markendiscount  ,BioBio Basis Müsli 5-Korn Mix,Grenzwertüberschreitung Ethylenoxid im Rohstoff Bio-Sesam,DE-VAU-GE Gesundkostwerk Deutschland GmbH,https://www.lebensmittelwarnung.de/bvl-lmw-de/opensaga/attachment/5def9d32-0d16-4261-b380-78deac193aba/BioBio+Basis+M%FCsli+5-Korn+Mix.jpg?maxWidth=120&maxHeight=120,https://www.lebensmittelwarnung.de/bvl-lmw-de/detail/lebensmittel/65172
  Lebensmittel,21.04.2021,    Weinbergmaier GmbH  ,Bauernland Mediterranes Gemüse,Mögliche Verunreinigung mit Sellerie,,https://www.lebensmittelwarnung.de/bvl-lmw-de/opensaga/attachment/a73acb4e-c2e2-4496-a2fc-65765035cc8d/Produktabbildung.jpg?maxWidth=120&maxHeight=120,https://www.lebensmittelwarnung.de/bvl-lmw-de/detail/lebensmittel/65145
  Lebensmittel,21.04.2021,    Dirk Rossmann GmbH Isernhägener Str. 16 30938 Burgwedel  ,enerBiO Tomate Basilikum Streichcreme,Mögliche falsche Auslobung mit Tomate und Basilikum. In den betroffenen Gläsern kann sich fälschlicherweise enerBiO Streich-creme mit Paprika und Cashewnüssen befinden. Cashewnüsse können allergische Reaktionen hervorrufen.,Dirk Rossmann GmbH,https://www.lebensmittelwarnung.de/bvl-lmw-de/opensaga/attachment/aae8f29f-6e11-4b3f-ab61-aa9c49fecd78/4305615677521_FRONT-I.jpg?maxWidth=120&maxHeight=120,https://www.lebensmittelwarnung.de/bvl-lmw-de/detail/lebensmittel/65108
  Lebensmittel,20.04.2021,    Midsona Deutschland GmbH Zur Davert 7 59387 Ascheberg  ,"DAVERT Porridge-Cup Schokolade mit Kakao Nibs 65 g, MHD 01.03.22DAVERT Porridge-Cup Schokolade mit Kakao Nibs 65 g, MHD 26.04.22",Nachweis von Salmonellen in einer Zutat,Midsona Deutschland GmbH,https://www.lebensmittelwarnung.de/bvl-lmw-de/opensaga/attachment/e7ec14a4-6d19-44d2-a64f-1ee70fcdf572/Foto+Porridge+Davert.JPG?maxWidth=120&maxHeight=120,https://www.lebensmittelwarnung.de/bvl-lmw-de/detail/lebensmittel/65036
  Lebensmittel,07.04.2021,      ,"Diverse Sorten Gelee-Süßwaren in Minibechern:Pipo Cup Jelly,Fruit Flavour Jelly Cup,Mix Jelly Pudding",Mögliche Erstickungsgefahr beim Verzehr der genannten Gelee-Süßwaren in Minibechern,,https://www.lebensmittelwarnung.de/bvl-lmw-de/opensaga/attachment/4086b727-3ed2-4eb2-81f9-f5ff02322513/Produktbild1.png?maxWidth=120&maxHeight=120,https://www.lebensmittelwarnung.de/bvl-lmw-de/detail/lebensmittel/56418
  Lebensmittel,31.03.2021,"    K. Iraklidis & Söhne AG, Griechenland  Vertrieb REWE bzw. Penny  ","REWE Beste Wahl Snacktomaten mit Meersalz, 150 gREWE Beste Wahl Snacktomaten mit Kräutern, 150 gORTO MIO Snacktomaten mit Meersalz, 150 g","In einzelnen Packungen können kleine, spitze, transparente Glasfremdkörper enthalten sein.",REWE Group,https://www.lebensmittelwarnung.de/bvl-lmw-de/opensaga/attachment/ce80923c-e531-4a12-bacd-02791d6e77ce/Abb1.jpg?maxWidth=120&maxHeight=120,https://www.lebensmittelwarnung.de/bvl-lmw-de/detail/lebensmittel/64738
  Lebensmittel,30.03.2021,"    Markengetränke Schwollen GmbH, Am Sauerbrunnen 25-33, 55767 Schwollen  ","Berg Quelle Medium Mehrweg Glasflasche 0,75l","Es ist nicht auszuschließen, dass Flaschen vereinzelt mit Rückständen von Lösemitteln verunreinigt sind, die sich in Geruchs- und Geschmacksabweichungen äußern können.",Verbraucherinformation,https://www.lebensmittelwarnung.de/bvl-lmw-de/opensaga/attachment/6890a0a8-3f80-4551-85f1-54335297ac88/Berg+Quellen+Mineralwasser+Medium.jpg?maxWidth=120&maxHeight=120,https://www.lebensmittelwarnung.de/bvl-lmw-de/detail/lebensmittel/64647
  Lebensmittel,26.03.2021,"    EIFEL-Quelle GmbH, 56656 Brohl-Lützing  ",EIFEL Quelle Classic,In vereinzelten Flaschen können sich Glasfragmente/Glasgries befinden,"EIFEL-Quelle GmbH, 56656 Brohl-Lützing",https://www.lebensmittelwarnung.de/bvl-lmw-de/opensaga/attachment/35e12af0-c728-4e9a-b8b7-23d7bf2a3a4f/FL_0522_EQ+Classic+Front.bmp?maxWidth=120&maxHeight=120,https://www.lebensmittelwarnung.de/bvl-lmw-de/detail/lebensmittel/64563
  Lebensmittel,26.03.2021,    EDEKA ZENTRALE Stiftung & Co. KG  ,"GUT&GÜNSTIG Tiefkühl-Beerenmischung mit Sauerkirschen, 750-g-Beutel","Es ist nicht auszuschließen, dass sich spitze metallische Fremdkörper im Produkt befinden",,https://www.lebensmittelwarnung.de/bvl-lmw-de/opensaga/attachment/f1f440e2-7194-4f20-bba5-f65fa26ce5a0/G&G+Beerenmischung+TK.jpg?maxWidth=120&maxHeight=120,https://www.lebensmittelwarnung.de/bvl-lmw-de/detail/lebensmittel/64549
  Lebensmittel,22.03.2021,    Orient Lebensmittel GmbH Hauptstr. 53 58452 Witten  Themra Herbal Hal Mah. T. Özal Bulv. No24 Yeni  Hal Kompleksi Toptancılar Sitesi Z Blok  No 29-30-31 Akdeniz / MERSİN Türkei  ,THEMRA - Epimedyumlu Bitkisel Karisimli Macun-Paste(Paste auf Honig/Zucker-Basis mit Kräutern),Das Produkt enthält den verschreibungspflichtigen Wirkstoff „Sildenafil“ in pharmakologisch wirksamer Menge sowie die für Lebensmittel nicht zugelassene Zutat „Epimedium“.,Orient Lebensmittel GmbH,https://www.lebensmittelwarnung.de/bvl-lmw-de/opensaga/attachment/89cc277b-ed8f-4ab5-a5cc-86e35de3cf0b/Abbildung.jpg?maxWidth=120&maxHeight=120,https://www.lebensmittelwarnung.de/bvl-lmw-de/detail/lebensmittel/64502
  Lebensmittel,19.03.2021,    COPACK Tiefkühlkost Produktionsgesellschaft mbH Am Lunedeich 116 D - 27572 Bremerhaven  ,"EDEKA Bio 8 Kräuter 50g, MHD 01.2022 und 02.2022BioBio 8 Kräuter Mischung 50g, MHD 01.2022 und 02.2022, GutBio 8 Kräuter Mischung 50g, MHD 21.01.2022 und MHD 03.02.2022",Im Rahmen einer Planprobe wurden im Produkt Salmonellen nachgewiesen.,Netto,https://www.lebensmittelwarnung.de/bvl-lmw-de/opensaga/attachment/499c0a60-2137-4910-b1aa-81b07f5b37e5/Bio-8-Kraeuter.png?maxWidth=120&maxHeight=120,https://www.lebensmittelwarnung.de/bvl-lmw-de/detail/lebensmittel/64393
  Lebensmittel,06.03.2021,    Carl Wilhelm Clasen GmbH Hans-Koch-Ring 12 D-21493 Schwarzenbek  ,"Clasen Bio Mandelkerne 200g, Charge 70108662, Mindesthaltbarkeitsdatum (MHD) 15.12.2021Edeka Bio Mandeln 200g, MHD 23.11.2021Edeka Bio Studentenfutter, 200g, MHD 23.01.2022Clasen Bio Nusskernmischung 200g, Charge 70110732, MHD 27.10.2021Clasen Bio Premium Studentenfutter 125g, Charge 70109372, MHD 25.09.2021","Es kann nicht ausgeschlossen werden, dass sich einzelne Bittermandeln in den Packungen der betreffenden Mindesthaltbarkeitsdaten befinden können.",,https://www.lebensmittelwarnung.de/bvl-lmw-de/opensaga/attachment/8f0483e1-bdb9-40e1-a9ca-cd303dd96540/EDEKA+Bio+Mandeln+200g.jpg?maxWidth=120&maxHeight=120,https://www.lebensmittelwarnung.de/bvl-lmw-de/detail/lebensmittel/64176
  Lebensmittel,04.03.2021,    Adalat Berlin Deutschland  ,getrocknete Minzblätter,Salmonellen,Kundenaushang,https://www.lebensmittelwarnung.de/bvl-lmw-de/opensaga/attachment/ce779882-bc23-412c-9eee-9f25768903a8/Produktbild.PNG?maxWidth=120&maxHeight=120,https://www.lebensmittelwarnung.de/bvl-lmw-de/detail/lebensmittel/64162
  Lebensmittel,23.02.2021,"    Auhof, Fam. Pfisterer & Hauser, 88719 Stetten  ",Seccohne,"Das Getränk schäumt beim Öffnen stark über, da es gärt.Durch die Gärung kann die Flasche zerbrechen.Das Getränk ist nicht mehr alkoholfrei.",,https://www.lebensmittelwarnung.de/bvl-lmw-de/opensaga/attachment/557e3d9c-8369-43b0-8b6d-bd4e6ea35875/Unbenannt.PNG?maxWidth=120&maxHeight=120,https://www.lebensmittelwarnung.de/bvl-lmw-de/detail/lebensmittel/63906
  Lebensmittel,18.02.2021,"    EUCO GmbH, 22291 Hamburg  ",Ming Chu Sushi-Reis,"Es kann nicht ausgeschlossen werden, dass sich einzelne Glasstücke in den Sushi-Reis Packungen befinden.",EDEKA AG,https://www.lebensmittelwarnung.de/bvl-lmw-de/opensaga/attachment/adf57db7-665d-4ed2-9447-6b923861101b/Produktbild.JPG?maxWidth=120&maxHeight=120,https://www.lebensmittelwarnung.de/bvl-lmw-de/detail/lebensmittel/63769
  Lebensmittel,18.02.2021,    Unidex B.V.  ,Zena Moringa Powder,Salmonellen,,https://www.lebensmittelwarnung.de/bvl-lmw-de/opensaga/attachment/942b73a7-bd9e-4b11-b435-85b97c032ea2/2021_02_18SmaakversterkerMoringapowderFAVV_foto.jpg?maxWidth=120&maxHeight=120,https://www.lebensmittelwarnung.de/bvl-lmw-de/detail/lebensmittel/63826
  Lebensmittel,11.02.2021,    CHIRON Naturdelikatessen  ,Hanf-Aufstrich Indisch 135 Gramm,Grund für den vorsorglichen Rückruf des betroffenen Artikels könnte das Vorkommen vonPlastik oder Metallteilen im Produkt sein.,,https://www.lebensmittelwarnung.de/bvl-lmw-de/opensaga/attachment/92478f49-36c0-4fde-b58e-c97cf8c82552/Unbenannt.PNG?maxWidth=120&maxHeight=120,https://www.lebensmittelwarnung.de/bvl-lmw-de/detail/lebensmittel/63543
  Lebensmittel,10.02.2021,    SSP Trade & Consult GmbH Philipp-Reis-Str. 15 B3/B4 63128 Dietzenbach  ,"Shiitake Donko, getrocknete Shiitake-Pilze, 50 g, Artikel J013Shiitake Donko, getrocknete Shiitake-Pilze, 1 kg, Artikel J002","Erhöhter Schwefeldioxidgehalt, fehlende Kennzeichnung des Allergens Schwefeldioxid",SSP Trade & Consult GmbH,https://www.lebensmittelwarnung.de/bvl-lmw-de/opensaga/attachment/96b6485b-0d1d-40be-bb3b-2068e103cb9a/R%FCckruf+Artikel+J013+Shiitake+Donko+50g+-+01.02.jpg?maxWidth=120&maxHeight=120,https://www.lebensmittelwarnung.de/bvl-lmw-de/detail/lebensmittel/63479
  Lebensmittel,09.02.2021,    LVG Lebensmittelvertriebs-GmbH Aldrup 3 27793 Wildeshausen  ,"REWE Beste Wahl, Kartoffelrösti, 600g",Fremdkörper (transparente Hartplastikteile),LVG Lebensmittelvertriebs-GmbH,https://www.lebensmittelwarnung.de/bvl-lmw-de/opensaga/attachment/39bd3521-7308-443e-a9f3-f90971f47071/3D+Rewe+Beste+Wahl+R%F6sti+(2).jpg?maxWidth=120&maxHeight=120,https://www.lebensmittelwarnung.de/bvl-lmw-de/detail/lebensmittel/63442
  Lebensmittel,05.02.2021,"    Altmühltaler Kürbiskerne  Lokaler Vertrieb in Bayern und Hessen  ",Altmühltaler Kürbiskerne Hanföl,Gesundheitsgefahr durch psychoaktiv wirkende Substanzen,,https://www.lebensmittelwarnung.de/bvl-lmw-de/opensaga/attachment/3ded7856-29cb-4e31-9272-cf82197062f6/Bild+%D6l.jpg?maxWidth=120&maxHeight=120,https://www.lebensmittelwarnung.de/bvl-lmw-de/detail/lebensmittel/63380
  Lebensmittel,05.02.2021,    Firma Ardo N.V.  ,"Grilled red & yellow peppers parilla - SlicesRote und gelbe Paprika Parilla, gegrillt - Scheiben",Erhöhter Gehalt an Chlorpyrifos,,https://www.lebensmittelwarnung.de/bvl-lmw-de/opensaga/attachment/e0d8c997-be52-4e90-addf-ba01055c2d10/Produktabbildung.jpg?maxWidth=120&maxHeight=120,https://www.lebensmittelwarnung.de/bvl-lmw-de/detail/lebensmittel/63347
  Lebensmittel,27.01.2021,"    ENCINGER SK s.r.o., Jadranská 13, 84101 Bratislava, Slowakei Vertrieben über Kaufland  ",K-Classic Schoko Rosinen in Vollmilchschokolade 200 g,"Es kann nicht ausgeschlossen werden, dass das genannte Produkt Erdnüsse enthält.",Kundeninformation,https://www.lebensmittelwarnung.de/bvl-lmw-de/opensaga/attachment/86569b7e-f6d5-4173-8920-eb7b9e0df37e/Bild+Rosinen.png?maxWidth=120&maxHeight=120,https://www.lebensmittelwarnung.de/bvl-lmw-de/detail/lebensmittel/63057
  Lebensmittel,20.01.2021,"    KAR GmbH Piccoloministr.22 51063 Köln  ",SULTAN Susam / SULTAN Sesamsamen geschält,In den betroffenen Produkten der Marke SULTAN wurden Sesamsamen mit erhöhtem Gehalt an Ethylenoxid verarbeitet.,Fa. KAR GmbH,https://www.lebensmittelwarnung.de/bvl-lmw-de/opensaga/attachment/a8109d5d-9e66-4297-ae93-fe066159db3c/Beispielfoto_85g.jpg?maxWidth=120&maxHeight=120,https://www.lebensmittelwarnung.de/bvl-lmw-de/detail/lebensmittel/62645
  Lebensmittel,15.01.2021,    Milupa Nutricia GmbH Am Hauptbahnhof 18 60329 Frankfurt am Main  ,"Milupa Kindermüsli Bircher, MHD 26.10.2021, 19.12.2021, 18.01.2022Milupa Kindermüsli Früchte, MHD 28.12.2021Milupa Kinder-Porridge Hafer & Früchte, MHD 20.10.2021, 01.12.2021, 16.01.2022",Apfelstiele in den genannten Produkten,Pressemitteilung,https://www.lebensmittelwarnung.de/bvl-lmw-de/opensaga/attachment/7a985bb8-f43a-4a17-8a5c-d4170939b2ec/Milupa+Produktbilder.JPG?maxWidth=120&maxHeight=120,https://www.lebensmittelwarnung.de/bvl-lmw-de/detail/lebensmittel/62687
  Lebensmittel,14.01.2021,    ÖkoNova Naturkost GmbH  ,"Tiroler Silberwasser Kolloidales Gold Premium, Pumpspray und Nasenspray",Zu hoher Silbergehalt,,https://www.lebensmittelwarnung.de/bvl-lmw-de/opensaga/attachment/c84b8d81-d23a-44bd-8259-55305ae0531f/FOTOS+PRODUKTE.JPG?maxWidth=120&maxHeight=120,https://www.lebensmittelwarnung.de/bvl-lmw-de/detail/lebensmittel/62673
  Lebensmittel,14.01.2021,    ÖkoNova Naturkost GmbH  ,Tiroler Silberwasser Kolloidales Silber Gel,Zu hoher Silbergehalt,,https://www.lebensmittelwarnung.de/bvl-lmw-de/opensaga/attachment/7dc8b4fa-f763-4c67-96a4-4c129a33ab4e/Produktbild.png?maxWidth=120&maxHeight=120,https://www.lebensmittelwarnung.de/bvl-lmw-de/detail/lebensmittel/62663
  Lebensmittel,08.01.2021,"     Edeka AG Hamburg  ","EDEKA Bio Heidelbeere in Birne, 190 g-Glas(MHD 28.07.2022)","Aus Gründen des vorbeugenden Verbraucherschutzes wird der Artikel ""Edeka Bio Heidelbeere in Birne nach dem 4. Monat"" im 190-Gramm-Glas aufgrund eines Fremdkörper (Glasstücke) zurück gerufen.",,https://www.lebensmittelwarnung.de/bvl-lmw-de/opensaga/attachment/ec010978-81f7-41e3-b929-d9aaef0343ac/EDEKA+Bio+Heidelbeere+in+Birne.jpg?maxWidth=120&maxHeight=120,https://www.lebensmittelwarnung.de/bvl-lmw-de/detail/lebensmittel/62466
  Lebensmittel,08.01.2021,    Ciloglu Handels GmbH  ,Süßware: FINDIKLI PESTIL 12 X 300 g,Das Produkt kann Spuren von Erdnüssen enthalten,,,https://www.lebensmittelwarnung.de/bvl-lmw-de/detail/lebensmittel/62513
  Lebensmittel,30.12.2020,    Alexander Eyckeler GmbH  ,Lamm-Kotelett geschnitten tiefgefroren,Bei einem Stück aus dem Lot wurden Enterohämorrhagische Escherichia coli Erreger (EHEC) festgestellt.,,https://www.lebensmittelwarnung.de/bvl-lmw-de/opensaga/attachment/392106c2-ab25-41c9-957a-7437d711265e/Produktbild.png?maxWidth=120&maxHeight=120,https://www.lebensmittelwarnung.de/bvl-lmw-de/detail/lebensmittel/62405
  Lebensmittel,23.12.2020,"     Fuchs GmbH & Co. KG, Industriestraße 25, 49201 Dissen    Weiand GmbH, Industriestraße 25, 49201 Dissen  ",1001 Delights Sesampaste,Ethylenoxid oberhalb der zulässigen Höchstmengen nachgewiesen,Weiand GmbH,https://www.lebensmittelwarnung.de/bvl-lmw-de/opensaga/attachment/5590f854-207d-46fd-bce3-fdbef88e14f2/1001+Delights+Sesampaste.jpg?maxWidth=120&maxHeight=120,https://www.lebensmittelwarnung.de/bvl-lmw-de/detail/lebensmittel/62081
  Lebensmittel,23.12.2020,"     Fuchs GmbH & Co. KG, Industriestraße 25, 49201Dissen  Theodor Kattus GmbH, Industriestraße 25, 49201 Dissen  ",Bamboo Garden Hoisin SauceBamboo Garden Sesam weiß geröstetBamboo Garden Bio Teriyaki SauceBamboo Garden Bio Teriyaki SauceKattus Tahini Sesampaste,Ethylenoxid oberhalb der zulässigen Höchstmengen nachgewiesen,www.kattus.de,https://www.lebensmittelwarnung.de/bvl-lmw-de/opensaga/attachment/2630f7ae-56d5-402c-af85-c7ad9ec1b5c8/Bamboo+Garden+Bio+Teriyaki+Sauce_2.jpg?maxWidth=120&maxHeight=120,https://www.lebensmittelwarnung.de/bvl-lmw-de/detail/lebensmittel/62159
  Lebensmittel,23.12.2020,     Fuchs Gewürze Industriestrasse 25 49201 Dissen am Teutoburger Wald   TEUTO Markenvertrieb GmbH Industriestrasse 25 49201 Dissen am Teutoburger Wald  ,Fuchs Asia Gewürz DoseFuchs Asia Gewürz BeutelBioWagner Curry + Tofu GewürzzubereitungBioWagner SesamsaatBioWagner Würzmix Backkartoffeln,Ethylenoxid oberhalb der zulässigen Höchstmengen nachgewiesen,www.fuchs.de,https://www.lebensmittelwarnung.de/bvl-lmw-de/opensaga/attachment/e5532e7d-9902-44d1-bcde-36a35b463fca/Fuchs+Asia+Gew%FCrz+Dose.jpg?maxWidth=120&maxHeight=120,https://www.lebensmittelwarnung.de/bvl-lmw-de/detail/lebensmittel/62171
  Lebensmittel,23.12.2020,"     Fuchs GmbH & Co. KG, Industriestraße 25, 49201 Dissen  Fuchs Foodservice GmbH, Industriestraße 25, 49201 Dissen  ",Ubena Gemüseheld Sesam Kuruma,Ethylenoxid oberhalb der zulässigen Höchstmengen nachgewiesen,,https://www.lebensmittelwarnung.de/bvl-lmw-de/opensaga/attachment/90685f41-96c4-472d-a274-eacbb5fe7a3c/Ubena+Gem%FCseheld+Sesam+Kuruma.png?maxWidth=120&maxHeight=120,https://www.lebensmittelwarnung.de/bvl-lmw-de/detail/lebensmittel/62084
  Lebensmittel,22.12.2020,    Petersilchen GmbH Am Piepenbrink 2 32839 Steinheim  ,"Brotaufstrich ""Kichererbse Chili"" der Marke ""Sanchon""Brotaufstrich ""Kichererbse Ingwer"" der Marke ""Sanchon""- ERWEITERUNG DES RÜCKRUFS VOM 25.11.2020 -","Sesam-Rohware, die mit Ethylenoxid belastet ist",Kundeninformation der Fa. Petersilchen,https://www.lebensmittelwarnung.de/bvl-lmw-de/opensaga/attachment/278af002-2580-478d-bd8a-1b7117892841/Chili.JPG?maxWidth=120&maxHeight=120,https://www.lebensmittelwarnung.de/bvl-lmw-de/detail/lebensmittel/61949
  Lebensmittel,22.12.2020,"    Barilla Deutschland GmbH, Wasastr. 10, 29229 Celle  ",WASA Sesam Gourmet,"Die in dem Lebensmittel enthaltenen Sesamsamen stammen auch einer Charge, bei der eine Überschreitung des zulässigen Höchstgehaltes an Ethylenoxid festgestellt wurde.",Barilla Deutschland GmbH,https://www.lebensmittelwarnung.de/bvl-lmw-de/opensaga/attachment/60f03c28-041d-4ff4-8fb5-bd984d7d09e3/Sesame+Gourmet+220g.jpg?maxWidth=120&maxHeight=120,https://www.lebensmittelwarnung.de/bvl-lmw-de/detail/lebensmittel/61921
  Lebensmittel,22.12.2020,    arko GmbH Dr.-Hermann-Lindrath-Str. 28  23812 Wahlstedt  ,arko Vollkorn Knusperwaffeln,Nachweis von Ethylenoxid (ETO) in den zur Herstellung verwendeten Sesamsamen,,https://www.lebensmittelwarnung.de/bvl-lmw-de/opensaga/attachment/c1a05080-c4d4-4be8-a95d-bc8aef641986/Bild.jpg?maxWidth=120&maxHeight=120,https://www.lebensmittelwarnung.de/bvl-lmw-de/detail/lebensmittel/61896
  Lebensmittel,21.12.2020,    Anduronda-Import GmbH Kirschbaumweg 32 50996 Köln  ,Louisiana-Flusskrebse in Weißweinsud (a la nage) 800g,zu hohe Konzentration an Chlorat,,https://www.lebensmittelwarnung.de/bvl-lmw-de/opensaga/attachment/5ce186b0-de11-4af0-8919-882e1c74d7d9/Louisiana-Flusskrebse.JPG?maxWidth=120&maxHeight=120,https://www.lebensmittelwarnung.de/bvl-lmw-de/detail/lebensmittel/61738
  Lebensmittel,18.12.2020,"    Fa. HMF Food Production GmbH & Co. KG, Kirchhörder Straße 29, 44229 Dortmund / NW, Vertrieb EDEKA / Marktkauf  ",EDEKA Bio Tahin Sesammus,Aus Gründen des vorbeugenden Verbraucherschutzes ruft die HMF Food Production GmbH & Co. KG den Artikel „EDEKA Bio Tahin Sesammus“ im 260g Glas zurück.Im Rahmen von Eigenuntersuchungen wurden Rückstände des Pflanzenschutzmittels Ethylenoxid nachgewiesen.,"Pressemitteilung die Fa. HMF Food Production GmbH & Co. KG, Kirchhörder Straße 29, 44229 Dortmund / NW",https://www.lebensmittelwarnung.de/bvl-lmw-de/opensaga/attachment/182abeb8-7ec4-4fcd-b38f-c8cc3ac61d57/Produktabbildung_Tahin.jpg?maxWidth=120&maxHeight=120,https://www.lebensmittelwarnung.de/bvl-lmw-de/detail/lebensmittel/61674
  Lebensmittel,17.12.2020,    Krämers Teehandel GmbH Gutenbergstraße 25 21465 Reinbek  über die Müller Handels GmbH & Co.KG  ,Teestube Früchtetee Süße Mandel,gesundheitliche Gefährdung für Allergiker von Mandeln durch Falschetikettierung,,https://www.lebensmittelwarnung.de/bvl-lmw-de/opensaga/attachment/1c6f030c-4f69-44a3-b404-424ca693b411/Bild.jpg?maxWidth=120&maxHeight=120,https://www.lebensmittelwarnung.de/bvl-lmw-de/detail/lebensmittel/61419
  Lebensmittel,17.12.2020,"    All-Fish Handelsgesellschaft mbH Eckernförder Str. 313 24119 Kronshagen  ",Tiefkühlprodukt Garnelen-Spieße,Überschreitung der zulässigen Höchstmenge von Rückständen eines Antibiotikums,All-Fish Handelsgesellschaft mbH,https://www.lebensmittelwarnung.de/bvl-lmw-de/opensaga/attachment/806d2ad5-d7fb-47ed-8fb4-4a86fd15b227/Garnelen-Spie%DFe.jpg?maxWidth=120&maxHeight=120,https://www.lebensmittelwarnung.de/bvl-lmw-de/detail/lebensmittel/61490
  Lebensmittel,10.12.2020,    Kikkoman Trading Europe GmbH Theodorstr. 180 40472 Düsseldorf  ,KIKKOMAN® Sesame Dressing 250 ml,"Im Rahmen von Untersuchungen wurde festgestellt, dass der Sesamsamen, der zur Herstellung des Produktes verarbeitet wurde, Rückstände von Ethylenoxid enthält und daher nicht den strengen Anforderungen der Europäischen Union an die Lebensmittelsicherheit entspricht.",Fa. Kikkoman Trading Europe GmbH,https://www.lebensmittelwarnung.de/bvl-lmw-de/opensaga/attachment/0e97d573-8e22-4e7a-bd7e-7a21f6fa8bac/Produktfoto.jpg?maxWidth=120&maxHeight=120,https://www.lebensmittelwarnung.de/bvl-lmw-de/detail/lebensmittel/61250
  Lebensmittel,04.12.2020,"     Hygwakoll e.U.   ÖkoNova Naturkost GmbH  ",Tiroler Silberwasser Kolloidales Silber,Zu hoher Silbergehalt,,https://www.lebensmittelwarnung.de/bvl-lmw-de/opensaga/attachment/f3ec0ad1-0b2e-4112-8ce8-fc6944086a5b/Produktbild.png?maxWidth=120&maxHeight=120,https://www.lebensmittelwarnung.de/bvl-lmw-de/detail/lebensmittel/61035
  Lebensmittel,03.12.2020,    Weiling GmbH  Erlenweg 134 48653 Coesfeld  ,"BIOLADEN*Cashewmus, 250 g",Das Produkt enthält möglicherweise Glasstücke.,Fa. Weiling GmbH,https://www.lebensmittelwarnung.de/bvl-lmw-de/opensaga/attachment/32111e5c-83fb-4946-b67d-85f853b99e8f/Cashewmus.jpg?maxWidth=120&maxHeight=120,https://www.lebensmittelwarnung.de/bvl-lmw-de/detail/lebensmittel/60957
  Lebensmittel,30.11.2020,"    TRS Wholesale Co Ltd, Middlesex, Vereinigtes Königreich Transfood Wholesale, Düsseldorf, Deutschland  ",TRS Jeera Powder 100 gGemahlener Kreuzkümmel - Ground Cumin,Erhöhte Gehalte an Pyrrolizidinalkaloiden,Transfood Wholesale,https://www.lebensmittelwarnung.de/bvl-lmw-de/opensaga/attachment/b514f15d-1870-4789-84f5-7e3d839834b9/A9R6nuz1t_dncwvg_7eg.jpg?maxWidth=120&maxHeight=120,https://www.lebensmittelwarnung.de/bvl-lmw-de/detail/lebensmittel/60705
  Lebensmittel,30.11.2020,"    Importeur Orient Gate GmbH, Pinkertweg 4, 22113 Hamburg  ",Weintraubenblätter in Salzlake,Überschreitung der zulässigen Höchstgehalte verschiedener Pflanzenschutzmittelwirkstoffe.,,https://www.lebensmittelwarnung.de/bvl-lmw-de/opensaga/attachment/96117dd8-fd1c-4d6e-92b3-dc4e1a551df6/Produktbild.jpg?maxWidth=120&maxHeight=120,https://www.lebensmittelwarnung.de/bvl-lmw-de/detail/lebensmittel/60711
  Lebensmittel,26.11.2020,"    Altenburger Senf & Feinkost GmbH & Co.KG Remsaer Straße 21a 04600 Altenburg  ",Senfonie Premium Gewürzwelt AVOCADO,Die in der Avocado-Gewürzmischung enthaltenen Sesam-Samen sind möglicherweise mit Ethylenoxid belastet.,,https://www.lebensmittelwarnung.de/bvl-lmw-de/opensaga/attachment/d513f683-42a0-4c54-b668-278dff15a0d7/Produktbild+Avocado+Gew%FCrzmischung.jpg?maxWidth=120&maxHeight=120,https://www.lebensmittelwarnung.de/bvl-lmw-de/detail/lebensmittel/60062
  Lebensmittel,25.11.2020,    Petersilchen GmbH Am Piepenbrink 2 32839 Steinheim  ,"Brotaufstrich ""Kichererbse Chili"" der Marke ""Sanchon""Brotaufstrich ""Kichererbse Ingwer"" der Marke ""Sanchon""","Grund hierfür ist, dass im Rahmen einer internen Untersuchung Rückstände des Pflanzenschutzmittels Ethylenoxid in der enthaltenen Sesamsaat festgestellt wurden.",Fa. Petersilchen GmbH,https://www.lebensmittelwarnung.de/bvl-lmw-de/opensaga/attachment/ac422a7a-8cbb-43e4-ac55-d96f7e845584/Produktfoto_1.jpg?maxWidth=120&maxHeight=120,https://www.lebensmittelwarnung.de/bvl-lmw-de/detail/lebensmittel/60543
  Lebensmittel,24.11.2020,    HAK-foodeko GmbH Hormesfeld 9b D-41748 Viersen  ,HAK Edamame Bohnen,Grund für den vorsorglichen Rückruf des betroffenen Artikels ist der fehlende Allergenhinweis auf Soja.,Fa. HAK-foodeko GmbH,https://www.lebensmittelwarnung.de/bvl-lmw-de/opensaga/attachment/a0fb321a-617c-4ad2-ad3f-4b1d8db7d67f/Produktfoto.jpg?maxWidth=120&maxHeight=120,https://www.lebensmittelwarnung.de/bvl-lmw-de/detail/lebensmittel/60444
  Lebensmittel,20.11.2020,    Biolandweingut Huter  ,Winzerglühwein Aus Rotwein,Berstgefahr der Flasche aufgrund eines Gärprozesses durch Hefe,,https://www.lebensmittelwarnung.de/bvl-lmw-de/opensaga/attachment/87607fe6-6b10-43a8-a175-b647d14b9302/Produktbild.png?maxWidth=120&maxHeight=120,https://www.lebensmittelwarnung.de/bvl-lmw-de/detail/lebensmittel/60394
  Lebensmittel,18.11.2020,"    Aldente GmbH, Soest Vertrieb über Penny-Märkte in Bayern, Baden-Württemberg, Hessen, Bremen, Rheinland-Pfalz, Niedersachen, Nordrhein-Westfalen und dem Saarland  ","Best MomentsRuby Pearls mit kandierten Kirschen, 120 g",Nicht deklarierte Haselnüsse,Aldente GmbH,https://www.lebensmittelwarnung.de/bvl-lmw-de/opensaga/attachment/42a53a27-88ad-4650-a53c-2c5510557619/Produktabbildung.jpg?maxWidth=120&maxHeight=120,https://www.lebensmittelwarnung.de/bvl-lmw-de/detail/lebensmittel/60204
  Lebensmittel,11.11.2020,    Best Body Nutrition / Fitnesshotline GmbH Auerbach/Sachsen  ,Brotbackmischung Fit4day Protein Brot 250 g,Ethylenoxidgehalt in Sesamsamen bei Brotbackmischung,Best Body Nutrition / Fitnesshotline GmbH,https://www.lebensmittelwarnung.de/bvl-lmw-de/opensaga/attachment/f5d174c1-fd6f-49d0-b660-54f6fb3300ce/Protein-Brot.PNG?maxWidth=120&maxHeight=120,https://www.lebensmittelwarnung.de/bvl-lmw-de/detail/lebensmittel/59886
  Lebensmittel,10.11.2020,"    Atkins Nutritionals, Inc., 1050 17th Street, Suite 1000, Denver, Colorado 80265, USA  ",Atkins Low Carb Living Multi Seed Bread Mix with Protein,zu hoher Gehalt an Ethylenoxid in Sesamsamen der Backmischung,https://www.lcw-shop.de/day-break-low-carb-brotbackmischung-400g-von-atkins.html,https://www.lebensmittelwarnung.de/bvl-lmw-de/opensaga/attachment/fdfed6b6-6e8f-44de-8ca7-159f1144b025/Brotmix1.png?maxWidth=120&maxHeight=120,https://www.lebensmittelwarnung.de/bvl-lmw-de/detail/lebensmittel/59820
  Lebensmittel,10.11.2020,    Fa. TerraSana  ,"Buckwheat Noodles – Sweet Potato BIO, 250 g","Erhöhter Glutengehalt in als ""glutenfrei"" bezeichnetem Produkt.",,https://www.lebensmittelwarnung.de/bvl-lmw-de/opensaga/attachment/b39e5f26-7be2-4ce5-8eca-e293f6da7f61/Produktbild.png?maxWidth=120&maxHeight=120,https://www.lebensmittelwarnung.de/bvl-lmw-de/detail/lebensmittel/59825
  Lebensmittel,05.11.2020,    Fa. Furat Foods  ,"LAILAND Chilal Käse 900g Glas,LAILAND Chilal Käse 1250g Glas","Es kann nicht mit Sicherheit ausgeschlossen werden, dasssich im oben genannten Artikel Fremdkörper (kleine Metallpartikel) befinden.",,https://www.lebensmittelwarnung.de/bvl-lmw-de/opensaga/attachment/4f378909-214f-4a8c-b839-815da435f7ce/Produktbild.png?maxWidth=120&maxHeight=120,https://www.lebensmittelwarnung.de/bvl-lmw-de/detail/lebensmittel/59685
  Lebensmittel,04.11.2020,"    Erste Salzwedeler Baumkuchenfabrik Hennig, St.-Georg-Str. 87, 29410 Salzwedel  ","Baumkuchen und Baumkuchenprodukte, Rumkugeln",mikrobiologische Kontamination,,,https://www.lebensmittelwarnung.de/bvl-lmw-de/detail/lebensmittel/59641
  Lebensmittel,28.10.2020,    Fa. KolloidalesSilver  ,Kolloidales Silber 30ppm,Bei oraler Aufnahme des Produktes sind aufgrund des hohen Silbergehaltes gesundheitsschädliche Wirkungen durch kolloidales Silber nicht gänzlich auszuschließen.,,https://www.lebensmittelwarnung.de/bvl-lmw-de/opensaga/attachment/57de6af3-1408-4338-b057-8401a3a9a039/Produktbild.png?maxWidth=120&maxHeight=120,https://www.lebensmittelwarnung.de/bvl-lmw-de/detail/lebensmittel/59067
  Lebensmittel,27.10.2020,    Lieferant  EuroFoods ApS Valdemar Poulsensvej 5 7100 Vejle Danmark   Nadi Holding GmbH Schnackenburgallee149C 22525 Hamburg  ,"Ris La-Taste Ekstra Ekstra lange, Marke Aeroplane La Taste, Verpackung: mit Aluminium laminierter Kunststoffbeutel a´5 kg, je 4 dieser Beutel in einem 20 kg-Masterkarton",Nicht zugelassene Substanz Tricyclazol in Basmatireis aus Indien,,https://www.lebensmittelwarnung.de/bvl-lmw-de/opensaga/attachment/9756d2f3-400a-4dd0-816b-0d9b72900621/20201027_150511.jpg?maxWidth=120&maxHeight=120,https://www.lebensmittelwarnung.de/bvl-lmw-de/detail/lebensmittel/59022
  Lebensmittel,23.10.2020,"    Kanne Brottrunk GmbH & Co. Betriebsgesellschaft KG, Bahnhofstraße 68, 59379 Selm-Bork  ",Kanne Brottrunk,Glaspartikel,Kanne Brottrunk GmbH & Co. Betriebsgesellschaft KG,https://www.lebensmittelwarnung.de/bvl-lmw-de/opensaga/attachment/ffbf9542-3ee1-4773-b5e7-8fba0fe01400/Brottrunk-075l_vorn_CMYK+(002).jpg?maxWidth=120&maxHeight=120,https://www.lebensmittelwarnung.de/bvl-lmw-de/detail/lebensmittel/58852
  Lebensmittel,19.10.2020,    C. F. Grell Nachf. Naturkost GmbH & Co. KG Boschstraße 3 24568 Kaltenkirchen  ,"Basmatireis, echter Basmatireis, braun",Grenzwertüberschreitung von Aflatoxinen,https://www.grell.de,https://www.lebensmittelwarnung.de/bvl-lmw-de/opensaga/attachment/49f70d84-d5da-4599-95f9-1370f669e578/11.6+2015-12-16+Packshot+(002).JPG?maxWidth=120&maxHeight=120,https://www.lebensmittelwarnung.de/bvl-lmw-de/detail/lebensmittel/58742
  Lebensmittel,15.10.2020,    dennree GmbH  ,dennree Cashewmus,Nicht deklariertes Allergen (Erdnuss),,https://www.lebensmittelwarnung.de/bvl-lmw-de/opensaga/attachment/4e5e7fe3-c397-4418-b736-eb7620827b75/Produktbild.png?maxWidth=120&maxHeight=120,https://www.lebensmittelwarnung.de/bvl-lmw-de/detail/lebensmittel/58647
  Lebensmittel,13.10.2020,    Hauser Weinimport GmbH  ,Sangria 7 % vol,Fehlender Allergenhinweis (Sulfite),,,https://www.lebensmittelwarnung.de/bvl-lmw-de/detail/lebensmittel/58444
  Lebensmittel,09.10.2020,"    Teaflower Marktstand Shuster, Viktualienmarkt, Stand 35/36, 80331 München   regionaler Vertrieb in Bayern  ",Teaflower Teufelskralle gemahlen,Bei dem Artikel wurden Salmonellen festgestellt.,,https://www.lebensmittelwarnung.de/bvl-lmw-de/opensaga/attachment/7e7969bc-6b9a-4d18-997a-f06217665346/Produktbild.png?maxWidth=120&maxHeight=120,https://www.lebensmittelwarnung.de/bvl-lmw-de/detail/lebensmittel/58328
  Lebensmittel,01.10.2020,    Günthart & Co. KG Hauptstraße 37 79801 Hohentengen a.H.  ,"Artikel 2340 – Blüten, dunkle Schokolade 3D",Grund für die Warnung und den Rückruf ist ein in Stichproben festgestellter erhöhter Wert an Casein und Lactose.,Günthart & Co. KG,https://www.lebensmittelwarnung.de/bvl-lmw-de/opensaga/attachment/129f91cd-ed54-46c5-8048-bd47cc9ee04a/Schokolade-Bl%FCten.PNG?maxWidth=120&maxHeight=120,https://www.lebensmittelwarnung.de/bvl-lmw-de/detail/lebensmittel/58013
  Lebensmittel,04.09.2020,"    J. Bünting Teehandelshaus GmbH & Comp. Brunnenstr. 37, 26789 Leer  ",Bünting Tee Bio Fenchel-Anis-Kümmel,Erhöhte Werte an Pyrrolizidinalkaloiden (PA) und Tropanalkaloiden (TA),J. Bünting Teehandelshaus GmbH & Comp.,https://www.lebensmittelwarnung.de/bvl-lmw-de/opensaga/attachment/f5be3d5e-ab06-453a-a15d-5701aa8d185b/Abbildung+Bio+F-A-K+100g.png?maxWidth=120&maxHeight=120,https://www.lebensmittelwarnung.de/bvl-lmw-de/detail/lebensmittel/57322
  Lebensmittel,31.08.2020,"    Euco GmbH 22291 Hamburg  ","Mango Chutney Fruchtig Scharf, Ming Chu Asia Cuisine",Fremdkörperfund,Euco,https://www.lebensmittelwarnung.de/bvl-lmw-de/opensaga/attachment/096cdd1a-d9a7-4900-b43d-dfcc8b6247f1/Mango-Chutney.JPG?maxWidth=120&maxHeight=120,https://www.lebensmittelwarnung.de/bvl-lmw-de/detail/lebensmittel/56725
  Lebensmittel,25.08.2020,    Fleischwerke E. Zimmermann GmbH & Co. KG  ,BIO Münchner Weißwürste,"mikrobiologische Abweichung, wodurch Magen-Darm-Beschwerden auftreten können, sowie Möglichkeit der Bombagenbildung der Dose",,https://www.lebensmittelwarnung.de/bvl-lmw-de/opensaga/attachment/d7cda1fb-23dd-4a41-abb4-17776affba88/Produktfoto1.png?maxWidth=120&maxHeight=120,https://www.lebensmittelwarnung.de/bvl-lmw-de/detail/lebensmittel/56844
  Lebensmittel,21.08.2020,     Zumdieck GmbH Vertrieb über die Fa. Lidl  ,"„ Beerenmix, 750g “","Es kann nicht ausgeschlossen werden, dass in dem betroffenen Produkt Noroviren enthalten sind.",,https://www.lebensmittelwarnung.de/bvl-lmw-de/opensaga/attachment/536c9171-6f80-41e7-b657-b5c6a85f53c0/Beerenmix.JPG?maxWidth=120&maxHeight=120,https://www.lebensmittelwarnung.de/bvl-lmw-de/detail/lebensmittel/56738
  Lebensmittel,07.08.2020,    Intercomm Foods S. A. 8th Km National Road Larissa-Sykourio P.O. Box 1127-Larissa – Griechenland  Vertrieben über Fa. Kaufland  ,EXQUISIT Olivenpaste aus grünen Oliven 180 g,"Es kann nicht ausgeschlossen werden, dass in einigen Gläsern Glasscherben enthalten sind.",Pressemitteilung,https://www.lebensmittelwarnung.de/bvl-lmw-de/opensaga/attachment/e4ad0da0-bcba-48c2-82d5-f441352843c8/Bild+Olivenpaste.jpg?maxWidth=120&maxHeight=120,https://www.lebensmittelwarnung.de/bvl-lmw-de/detail/lebensmittel/56142
  Lebensmittel,06.08.2020,    La Dispensa di Campagna Srlu  ,La Selva Pesto Vegan - Basilikum Pesto,mögliche Gefahr durch Bombage,,https://www.lebensmittelwarnung.de/bvl-lmw-de/opensaga/attachment/70768624-4393-46f2-9832-52bf66f45e26/Produktbild.png?maxWidth=120&maxHeight=120,https://www.lebensmittelwarnung.de/bvl-lmw-de/detail/lebensmittel/56106
  Lebensmittel,29.07.2020,"    I. Schroeder Gmbh und Co. Am Sandtorkai 37 20457 Hamburg  ","Marke: KlostergartenGurkenfässchen (Delikatess Gewürzgurken)","Es ist nicht mit absoluter Sicherheit auszuschließen, dass im oben genannten Artikel vereinzelt Glasbruchstücke enthalten sind.",Presseinformation I. Schroeder KG.,https://www.lebensmittelwarnung.de/bvl-lmw-de/opensaga/attachment/5da61528-0b92-4953-93f9-fd0c77d9ba6c/Produktbild.JPG?maxWidth=120&maxHeight=120,https://www.lebensmittelwarnung.de/bvl-lmw-de/detail/lebensmittel/53510
  Lebensmittel,27.07.2020,    WeltPartner eG ehemals dwp eG  ,"„Kreuzkümmel ganz, bio, 50 g“","Es kann nicht ausgeschlossen werden, dass in dem betroffenen Produkt erhöhte Werte an Pyrrolizidinalkaloiden enthalten sind.",,https://www.lebensmittelwarnung.de/bvl-lmw-de/opensaga/attachment/6754e0a8-e7ee-400a-920f-879c2c2afe49/Unbenannt.JPG?maxWidth=120&maxHeight=120,https://www.lebensmittelwarnung.de/bvl-lmw-de/detail/lebensmittel/53282
  Lebensmittel,01.07.2020,"    Lausitzer Früchteverarbeitung GmbH, 02689 Sohland a. d. Spree  ",Lausitzer Waldheidelbeeren,Glassplitter,www.lausitzer.de,https://www.lebensmittelwarnung.de/bvl-lmw-de/opensaga/attachment/e09b8a4b-76b8-4415-99ed-66258da2b662/R%FCcknahme_Waldheidelbeeren.PNG?maxWidth=120&maxHeight=120,https://www.lebensmittelwarnung.de/bvl-lmw-de/detail/lebensmittel/52703
  Lebensmittel,29.05.2020,    SSP Konsumgüter Trade & Consult GmbH Philipp-Reis-Straße 15 B3/B4 63128 Dietzenbach  ,getrocknete Kombu Algen - Dried Kombu-Kelp to boild up for soup stock,Hoher Jodgehalt,SSP Trade & Consult GmbH,https://www.lebensmittelwarnung.de/bvl-lmw-de/opensaga/attachment/d1f18d53-d705-4d27-8a2a-f488b1c2ac21/I061+PHOTO.jpg?maxWidth=120&maxHeight=120,https://www.lebensmittelwarnung.de/bvl-lmw-de/detail/lebensmittel/51742
  Lebensmittel,06.03.2020,"    Mars Food GmbH, 27283 Verden Vertrieb beschränkt sich auf Baden-Württemberg  ","Uncle Ben's Original-Langkornreis im Kochbeutel (10 min, 1 kg)","Es könnte sein, dass sich in einigen wenigen Packungen des Produktes kleine Metallsplitter befinden.",Pessemitteilung,https://www.lebensmittelwarnung.de/bvl-lmw-de/opensaga/attachment/db447476-c173-4486-bfcf-096fcb41e403/Bild+Uncle+Ben's.jpg?maxWidth=120&maxHeight=120,https://www.lebensmittelwarnung.de/bvl-lmw-de/detail/lebensmittel/50464
  Lebensmittel,21.02.2020,"    Lieferant Firma Heiploeg International B.V., vertrieben über Aldi Nord  ","""Gourmet Fruits de Mer“ King-Prawns, Garnelenschwänze in der Sorte „Natur“, 225g",Im Rahmen einer Untersuchung wurde das Tierarzneimittel Chloramphenicol nachgewiesen.,Firma Heiploeg International B.V.,https://www.lebensmittelwarnung.de/bvl-lmw-de/opensaga/attachment/57977289-1d4b-4f0d-b0ab-228493a0ff4a/Produktbild.JPG?maxWidth=120&maxHeight=120,https://www.lebensmittelwarnung.de/bvl-lmw-de/detail/lebensmittel/50007
  Lebensmittel,20.02.2020,    Herrmann Gewürze GmbH & Co. KG  ,Curry grün,Bei dem aufgeführten Artikel wurden Salmonellen festgestellt.,Herrmann Gewürze GmbH & Co. KG,https://www.lebensmittelwarnung.de/bvl-lmw-de/opensaga/attachment/f1db0c8a-cd5a-4fc1-ace9-2b151d1a0893/Curry+original.jpg?maxWidth=120&maxHeight=120,https://www.lebensmittelwarnung.de/bvl-lmw-de/detail/lebensmittel/49819
  Lebensmittel,19.02.2020,    Naturmittel Biller  ,"Coriander gemahlen, Dipp Cafe dé Paris, Lebkuchengewürz, Grüner Curry, Brotgewürz gemahlen, Wildgewürz gemahlen.",Bei den aufgeführten Artikeln wurden Salmonellen festgestellt.,,,https://www.lebensmittelwarnung.de/bvl-lmw-de/detail/lebensmittel/49733
  Lebensmittel,13.02.2020,"    Heuschen & Schrouff, Oriental Foods Trading B.V. Niederlande Ebo van den Bor BV Niederlande Visgroothandel de Jong B.V.n Niederlande Import-en Exportonderneming Amboina B.V. Niederlande  ",Frühlingsrollen-Blätter aus Singapur der Marke Spring Home (gefroren),Nicht gekennzeichnetes Allergen (Milch),Tee Yih Jia Food Manufacturing Pte. Ltd.,https://www.lebensmittelwarnung.de/bvl-lmw-de/opensaga/attachment/4a3ce90c-526a-485f-acfe-6b776d0541e7/spring+roll+pastry_1.JPG?maxWidth=120&maxHeight=120,https://www.lebensmittelwarnung.de/bvl-lmw-de/detail/lebensmittel/49484
  Lebensmittel,11.02.2020,    Clama GmbH & Co. KG Steineshoffweg 2 45479 Mülheim/Ruhr  Vertrieb über Aldi Nord  ,GutBio Weiße Bio Bohnen mit Quinoa und GemüseGutBio Bio Linsen mit Quinoa und Gemüse,"Bei den Produkten kann nicht ausgeschlossen werden, dass vereinzelt Glassplitter enthalten sein könnten.",Fa. Clama GmbH & Co. KG,https://www.lebensmittelwarnung.de/bvl-lmw-de/opensaga/attachment/eeb76399-2161-483a-b2b7-50fb4ece6b80/1003425_03-2020_BioHuelsenfruechte_FS-Linsen.jpg?maxWidth=120&maxHeight=120,https://www.lebensmittelwarnung.de/bvl-lmw-de/detail/lebensmittel/49378
  Lebensmittel,06.02.2020,    Clama GmbH & Co. KG Steineshoffweg 2 45479 Mülheim/Ruhr  Vertrieb über Aldi Nord  ,Bio Kichererbsen mit Quinoa und Gemüse der Marke GutBio,"Bei dem Produkt kann nicht ausgeschlossen werden, dass vereinzelt Glassplitter enthalten sein könnten.",Clama GmbH & Co. KG,https://www.lebensmittelwarnung.de/bvl-lmw-de/opensaga/attachment/bde87b88-a67f-4bfa-b751-c7cf981d34d1/Kichererbsen.jpg?maxWidth=120&maxHeight=120,https://www.lebensmittelwarnung.de/bvl-lmw-de/detail/lebensmittel/49202
  Lebensmittel,29.01.2020,"    Teuto Markenvertrieb GmbH Industriestraße 25 49201 Dissen am Teutoburger Wald  ","Ubena Oregano gerebeltOstmann Oregano gerebeltFuchs Professional Oregano gerebeltGUT&GÜNSTIG Oregano gerebeltKANIA Oregano gerebelt Columbia Oregano gerebelt",Befund von Pyrrolizidinalkaloiden,Fuchs Gewürze,"https://www.lebensmittelwarnung.de/bvl-lmw-de/opensaga/attachment/94b6a72d-2d0c-431c-b1b1-ba55c6075d31/Ubena,+Oregano+gerebelt.jpg?maxWidth=120&maxHeight=120",https://www.lebensmittelwarnung.de/bvl-lmw-de/detail/lebensmittel/49087
  Lebensmittel,27.01.2020,    Importeur Arrow Global GmbH Heidschnuckenweg 20 21224 Rosengarten  ,Konbu Seealgen,Überhöhter Jodgehalt,,https://www.lebensmittelwarnung.de/bvl-lmw-de/opensaga/attachment/0378b41d-be44-447b-a629-569dff543ac9/R%FCckseite_Etikett-+Konbu+Seealgen.jpg?maxWidth=120&maxHeight=120,https://www.lebensmittelwarnung.de/bvl-lmw-de/detail/lebensmittel/49047
  Lebensmittel,17.01.2020,    Fuchs Foodservice GmbH Industriestraße 25 49198 Dissen  ,"Oregano, gerebelt",Befund von Pyrrolizidinalkaloiden,Fuchs GmbH & Co. KG,https://www.lebensmittelwarnung.de/bvl-lmw-de/opensaga/attachment/3b8171f4-cc9e-45be-9edd-15e1d99b7ef5/Produktbild_Fa.+Fuchs.jpg?maxWidth=120&maxHeight=120,https://www.lebensmittelwarnung.de/bvl-lmw-de/detail/lebensmittel/48703
  Lebensmittel,09.01.2020,"    Firma Ökotopia GmbH, Coppistr. 5, 10365 Berlin Lichtenberg  ",Kräuter „HANFBLÄTTER UND -BLÜTEN“,Grund für den Rückruf ist ein erhöhter THC-Gehalt.,,,https://www.lebensmittelwarnung.de/bvl-lmw-de/detail/lebensmittel/48544
  Lebensmittel,19.11.2019,    Feine Küche Jürgen Langbein GmbH Feldstraße 7 24568 Kaltenkirchen  ,China Suppe sauer-scharfFeine Küche J. Langbein,Falschetikettierung,Feine Küche J. Langbein,https://www.lebensmittelwarnung.de/bvl-lmw-de/opensaga/attachment/a6bb72e3-38ab-49be-bfe9-4fc294cb1bc4/IMG_2126_2.jpg?maxWidth=120&maxHeight=120,https://www.lebensmittelwarnung.de/bvl-lmw-de/detail/lebensmittel/47469
  Lebensmittel,24.10.2019,"    One World Foods, Inc./USA  ",diverse Saucen und Marinaden der Handelsmarke STUBB`S BAR-B-Q,"fehlerhafte Allergenkennzeichnung in Bezug auf Senf, Sesam und Sellerie",RUMO BBQ GmbH,https://www.lebensmittelwarnung.de/bvl-lmw-de/opensaga/attachment/e53b0636-2176-47f9-9f64-4d04bf06e9a0/Produkte_Strubbs.PNG?maxWidth=120&maxHeight=120,https://www.lebensmittelwarnung.de/bvl-lmw-de/detail/lebensmittel/46583
  Lebensmittel,19.09.2019,    Großhändler Nergiz Großmarkt GmbH Fabrikstr. 11 48599 Gronau Westf.   Dora Doğal Ürünler Gıda San. ve Dış Tic. Ltd. Şti. Türkei  ,DoraLife SULTAN'S PASTEGOLD SERIES,Das Nahrungsergänzungsmittel enthält den Arzneimittel-Wirkstoff Sildenafil,amtliches Gutachten,https://www.lebensmittelwarnung.de/bvl-lmw-de/opensaga/attachment/4918fee0-c2fb-46dc-b8bf-8effcdfc2992/DoraLife01.jpg?maxWidth=120&maxHeight=120,https://www.lebensmittelwarnung.de/bvl-lmw-de/detail/lebensmittel/45259
  Lebensmittel,23.08.2019,    Bonduelle Deutschland GmbH Am Heilbrunnen 136/138 72766 Reutlingen  ,Konserve Leipziger Allerlei,Verdacht auf Glasfremdkörper,Pressemitteilung Bonduelle,https://www.lebensmittelwarnung.de/bvl-lmw-de/opensaga/attachment/2be1a945-e4c0-4cd8-8ef9-0250379034a3/Leipziger+Allerlei.JPG?maxWidth=120&maxHeight=120,https://www.lebensmittelwarnung.de/bvl-lmw-de/detail/lebensmittel/44115
  Lebensmittel,31.07.2019,    Mediterraneo Feinkost GmbH & Co. KG Kaiser-Friedrich-Promenade 91 61348 Bad Homburg vor der Höhe  ,San Vicario Tomatensugo della Mamma,"Es kann nicht ausgeschlossen werden, dass sich im Einzelfall Glassplitter im betroffenen Produkt befinden.",Mediterraneo Feinkost GmbH & Co. KG,https://www.lebensmittelwarnung.de/bvl-lmw-de/opensaga/attachment/681fd861-7e9c-41f9-9b8d-c9b94cb94016/Produktabbildung.JPG?maxWidth=120&maxHeight=120,https://www.lebensmittelwarnung.de/bvl-lmw-de/detail/lebensmittel/43460
  Lebensmittel,25.07.2019,"    Giba Gewürze GmbH & Co.KG Elbestraße 6-8 63452 Hanau  ",Sahra Kekik Oregano (getrocknet),Erhöhter Gehalt an Pyrrozidinalkaloiden,,https://www.lebensmittelwarnung.de/bvl-lmw-de/opensaga/attachment/38ad9668-12e6-4617-987b-64a59ab5b842/Produktabbildung.JPG?maxWidth=120&maxHeight=120,https://www.lebensmittelwarnung.de/bvl-lmw-de/detail/lebensmittel/43175
  Lebensmittel,24.07.2019,"    dennree GmbH Hofer Straße 11, 95183 Töpen  ",Higher Living Grüntee Hanf 20 Btl,erhöhter THC-Gehalt,,https://www.lebensmittelwarnung.de/bvl-lmw-de/opensaga/attachment/40439dd9-6c1f-48c8-a6d2-7b404c790182/Produktbild.jpg?maxWidth=120&maxHeight=120,https://www.lebensmittelwarnung.de/bvl-lmw-de/detail/lebensmittel/43116
  Lebensmittel,19.07.2019,    Fa. Porto-Muiños S.L.  ,Algensalat japanischer Art 160g,erhöhter Jodgehalt,,https://www.lebensmittelwarnung.de/bvl-lmw-de/opensaga/attachment/a811ea6b-bc77-4db3-ae0e-450f79e1f841/Produktbild.png?maxWidth=120&maxHeight=120,https://www.lebensmittelwarnung.de/bvl-lmw-de/detail/lebensmittel/42863
  Lebensmittel,22.02.2019,"     Kaadan Alshalati, Ahmed Feras Lebensmittelgroßhandel Am Sternbusch 3-9 26180 Rastede   Tema Fine Foods BV Havenlaan 5 5433 NK Katwijk Niederlande  ",Chtoura Garden Ground Sesame Paste,Nachweis von Salmonellen,Lebensmittel- und Veterinärinstitut Braunschweig/Hannover,https://www.lebensmittelwarnung.de/bvl-lmw-de/opensaga/attachment/c52c9ba8-07b9-4616-87e1-4e6902d461ca/Front.jpg?maxWidth=120&maxHeight=120,https://www.lebensmittelwarnung.de/bvl-lmw-de/detail/lebensmittel/39870
  Lebensmittel,15.02.2019,"    WEIAND GmbH, Vertrieb über die Firma Lidl Deutschland  ","Kania Glas-Keramikmühle, Sortierungen Pfeffer schwarz, Pfeffer bunt, Meersalz","Es besteht die Möglichkeit, dass vereinzelt Glassplitter aus dem Mahlwerk der fehlerhaften Glas-Keramikmühlen herausfallen können.",,https://www.lebensmittelwarnung.de/bvl-lmw-de/opensaga/attachment/98e8da69-73fe-4393-bf07-ea7c374d6bb2/Foto+Gew%FCrzm%FChle.PNG?maxWidth=120&maxHeight=120,https://www.lebensmittelwarnung.de/bvl-lmw-de/detail/lebensmittel/31794
  Lebensmittel,21.06.2018,    GLOBALIS  Oase der Natur  Westheim 42  93049 Regensburg    ,aerobic stabilized oxygen,Chloratgehalt,,https://www.lebensmittelwarnung.de/bvl-lmw-de/opensaga/attachment/65c92839-cfbf-4596-ae66-841333555e89/aerobic-stabilized-oxygen-1+Fl+600.png?maxWidth=120&maxHeight=120,https://www.lebensmittelwarnung.de/bvl-lmw-de/detail/lebensmittel/29935
  Lebensmittel,30.05.2018,    Giba Gewürze GmbH & Co. KG Elbestr. 6-8 63452 Hanau    ,Paprika Edelsüss der Marken Sahra und Hira,Höchstmenge für Ochratoxin A überschritten,,https://www.lebensmittelwarnung.de/bvl-lmw-de/opensaga/attachment/ea22af1b-3bea-467b-a8b4-cdbf0446bfec/Sahra.jpg?maxWidth=120&maxHeight=120,https://www.lebensmittelwarnung.de/bvl-lmw-de/detail/lebensmittel/29722
  Lebensmittel,10.02.2017,    Sidroga GfGmbH  Arzbacher Straße 78  56130 Bad Ems RP    ,Sidroga Bio Säuglings- und Kindertee,Pyrrolizidinalkaloide,,https://www.lebensmittelwarnung.de/bvl-lmw-de/opensaga/attachment/979f8cd3-969e-4a6c-9a8e-4bdd61586cd4/data.jpg?maxWidth=120&maxHeight=120,https://www.lebensmittelwarnung.de/bvl-lmw-de/detail/lebensmittel/19601
